板块,单位名称
MU,国家管网集团吉林天然气管道有限责任公司
MU,吉林港华清洁能源有限公司
MU,石家庄建投天然气有限公司
MU,河北赵都天然气有限责任公司
MU,承德市建投天然气有限责任公司
MU,宁晋县建投天然气有限责任公司
MU,深州市建投燃气有限公司
MU,辛集市建投燃气有限公司
MU,晋州市建投燃气有限公司
MU,中石油京唐液化天然气有限公司
MU,石家庄冀燃管道工程有限公司
MU,邢台冀燃天然气有限公司
MU,保定建投天然气有限公司
MU,临西县新能天然气工程有限公司
MU,衡水建投天然气有限公司
MU,蠡县建投天然气有限公司
MU,清河县建投天然气有限公司
MU,饶阳县建投天然气有限公司
MU,平山县华建燃气有限公司
MU,赵县安达燃气有限公司
MU,邯郸市郎拓天然气销售有限公司
MU,承德市双滦区建投液化天然气有限责任公司
MU,国家管网集团华北天然气管道有限公司
MU,衡水鸿华燃气有限公司
MU,保定中石油昆仑燃气有限公司
MU,邢台天宏祥燃气有限公司
MU,新天液化天然气沙河有限公司
MU,石家庄市捷诚天然气贸易有限公司
MU,石家庄新奥城市燃气发展有限公司
MU,高邑县凤城天然气有限责任公司
MU,邯郸经济技术开发区天然气有限公司
MU,济南港华环通市政工程有限公司
MU,山东一通工程技术服务有限公司
MU,山东港华泉通能源发展有限公司
MU,山东港华燃气集团起步区燃气有限公司
MU,山东港华积成能源服务有限公司
MU,济南港华燃气能源有限公司
MU,山东鲁港天然气有限公司
MU,山东名气通电讯有限公司
MU,山东机场智慧能源发展有限公司
MU,济南港华平安通新能源科技有限公司
MU,济南和立新材料有限公司
MU,"
济南惠通新能源有限公司
"
MU,济南章丘港华燃气有限公司
MU,新密港华能源服务有限公司
MU,常州市燃气工程有限公司
MU,常州市液化气有限公司
MU,江苏省天达投资控股有限公司
MU,常州美路港华能源有限公司
MU,常州蓝焰港华燃气有限公司?
MU,常州昆仑港华燃气有限公司
MU,常州东利港华气体有限公司
MU,常州美路交通能源有限公司
MU,常州市储气有限公司
MU,常州港华综合能源服务有限公司
MU,常州港能投智慧能源有限公司
MU,溧阳恒电新能源科技有限公司
MU,常州港华天合智慧能源有限公司
MU,常州港华名气家生活服务有限公司
MU,南京煤气管线工程有限公司
MU,南京市燃气工程设计院有限公司
MU,南京公用物业管理有限责任公司
MU,南京港华能源投资发展有限公司
MU,江苏宝华天然气有限公司
MU,南京燃气输配有限公司
MU,南京滨江液化天然气有限公司
MU,泰州交通港华燃气有限公司
MU,泰州港华热能有限公司
MU,泰州滨江港华燃气有限公司
MU,丹阳港华能源有限公司
MU,"常州顺隆建设发展有限公司
"
MU,常州金坛港华能源有限公司
MU,常州泽溪能源科技有限公司
MU,睢宁润港新能源有限公司
MU,睢宁润城港华管输天然气有限公司
MU,睢宁港华能源科技有限公司
MU,徐州港中润智慧能源有限公司
MU,宜兴舒适家热能有限公司
MU,宜兴市荆泰建设工程有限公司
MU,港华运输服务（宜兴）有限公司
MU,宜兴港能智慧能源有限公司
MU,无锡名气家信息科技有限公司
MU,港华紫荆农庄（句容）有限公司
MU,张家港港华能源科技有限公司
MU,张家港金通天然气有限公司
MU,江苏金宏华新能源有限公司
MU,张家港丰港新能源有限公司
MU,江苏苏城能源有限公司
MU,张家港华兴长城能源有限公司
MU,港华储气有限公司
MU,泰州港城港华燃气有限公司
MU,数产卓信科技（泰州）有限公司
MU,泰州名气家生活服务有限公司
MU,苏州港华商业管理有限公司
MU,协鑫港华能源科技（苏州）有限公司
MU,苏州港华能源有限公司
MU,苏州名气家生活服务有限公司
MU,苏州吴江瑞港天然气管道有限公司
MU,苏州吴江港华能源有限公司
MU,长三角一体化示范区（江苏）港华天然气有限公司
MU,港华到家（苏州）信息技术有限公司
MU,沛县港华绿色能源有限公司
MU,丰县港华智慧能源有限公司
MU,丰县港华能源科技有限公司
MU,江苏海企港投仓储物流有限公司
MU,张家港海企港华燃气有限公司
MU,泰州城投供热有限公司
MU,泰州科思燃气有公司
MU,杭州名气家生活服务有限公司
MU,苏州工业园区苏相合作区金宏润气体有限公司
MU,苏州市漕湖相融物业服务有限公司
MU,苏州元朔智慧能源有限公司
MU,苏州工业园区苏相合作区港华交通科技有限公司
MU,"徐州港华能源科技有限公司
"
MU,徐州港华热力发展有限公司
MU,徐州港华天然气管网有限公司
MU,徐州港华液化天然气有限公司
MU,徐州名气家信息科技有限公司
MU,铜陵诚然舒适家商贸有限公司
MU,铜陵港能投智慧能源有限公司
MU,江西天然气莲花有限公司
MU,萍乡市高坑工业煤气有限公司
MU,上海石油天然气交易中心有限公司
MU,江西九新燃气有限公司
MU,中山小榄港华燃气有限公司
MU,中山港华能源发展有限公司
MU,广州港华能源发展有限公司
MU,广州港华能源有限公司
MU,广州华埔智慧能源有限公司
MU,西安市燃气规划设计院有限公司
MU,西安市天然气工程有限责任公司
MU,西安秦华智慧生活家科技服务有限责任公司
MU,西安市天然气计量及燃器具检验测试所有限公司
MU,平利秦华天然气有限公司
MU,卢氏中石油昆仑燃气有限公司
MU,西安长安通有限责任公司
MU,西安市地下综合管廊投资管理有限责任公司
MU,陕西赛福仪表有限公司
MU,武汉城市新能源投资有限公司
MU,武汉市车都天然气有限公司
MU,湖北华电创意天地新能源有限公司
MU,武汉汉宁天然气有限公司
MU,武汉车谷能源发展有限公司
MU,武汉光谷城市天然气有限公司
MU,武汉城市能源供应链有限公司
MU,吴江华衍建筑工程安装有限公司
MU,江苏华衍纯净水有限公司
MU,苏州衍达检测有限公司
MU,芜湖华衍水务工程有限公司
MU,量营设计造价（芜湖）有限公司
MU,平行数字科技（江苏）有限公司
MU,佛山市佛水科技发展有限公司
MU,佛山市禅城区污水处理有限公司
MU,佛山市禅城区污泥处理有限公司
MU,广东佛水建设有限公司
MU,佛山市汇之源驿岗污水处理有限公司
MU,佛山市迅科管道探测有限公司
MU,佛山市绿之源环保技术有限公司
MU,佛山市汇之源南庄污水处理有限公司
MU,佛山市汇之源西樵污水处理有限公司
MU,佛水资源（乐昌）环保技术有限公司
MU,佛山市三水佛水供水有限公司
MU,佛山市高明佛水供水有限公司
MU,佛山市汇之源大沥污水处理有限公司
MU,佛山市汇之源高畅排水管理有限公司
MU,佛山市禅城区供水有限公司
MU,佛山市金沙佛水供水有限公司
MU,佛山市汇之源城北污水处理有限公司
MU,佛山市绿能环保有限公司
MU,佛山市汇之源金本污水处理有限公司
MU,广东新之源环境科技有限公司
MU,佛山新城供水有限公司
MU,佛威环境服务（佛山）有限公司
MU,佛山市清之源排水管理有限公司
MU,佛山市佛水投资运营有限公司
MU,佛山市通济环境治理有限公司
MU,佛山市西江供水有限公司
MU,佛山市绿通环境管理有限公司
MU,广东佛水绿境环保有限公司
MU,广东速隆城建工程有限公司
MU,上海电气（如东）水务发展有限公司
MU,上海电气（如东）水环境治理有限公司
MU,常州禹卓建设安装工程有限公司
MU,常州市马杭污水处理有限公司
MU,常州禹恒水务有限公司
MU,常州禹润水务有限公司
MU,常州禹安水务有限公司
MU,山东济华三全项目管理有限公司
MU,常州和谐港华零碳创新投资合伙企业（有限合伙）
MU,江苏金卓智慧能源建设有限公司
MU,齐齐哈尔北方智慧能源技术服务有限公司
MU,齐齐哈尔港燃管道安装工程有限公司
MU,齐齐哈尔港华燃气工程设计有限公司
MU,齐齐哈尔港华舒适家商贸有限公司
MU,齐齐哈尔港华压缩天然气有限公司
MU,齐齐哈尔港华综合能源有限公司
MU,本溪港华燃气工程设计有限公司
MU,本溪港华舒适家商贸有限公司
MU,铁岭市煤气工程有限公司
MU,港华热能科技（铁岭）有限公司
MU,朝阳港华燃气安装工程有限公司
MU,朝阳港华天然气加气有限公司
MU,港华热能科技（朝阳）有限公司
MU,阜新港华燃气工程有限公司
MU,阜新港华智慧能源有限公司
MU,阜新市港华职业技能培训学校有限公司
MU,阜新港能投智慧能源有限公司
MU,阜新港华检测技术有限公司
MU,公主岭港天压缩天然气有限公司
MU,公主岭港运汽车燃气有限公司
MU,双辽港华天然气加气有限公司
MU,通榆港华天然气加气有限公司
MU,公主岭港华智慧能源有限公司(原公主岭港华舒适家能源有限公司）
MU,吉林省港华职业技能培训学校
MU,大连德泰港华燃气工程有限公司
MU,大连德泰港华环保能源有限公司
MU,大连德港融燃气有限公司
MU,大连科尚燃气有限公司
MU,大连旅顺港华清洁能源有限公司
MU,克东县丰泽清洁能源有限公司
MU,齐齐哈尔富通燃气有限责任公司
MU,辽中县通合汽车加气有限公司
MU,沈阳港华智慧能源有限公司
MU,鞍山港华清洁能源有限公司
MU,瓦房店港华绿色能源有限公司
MU,大连长兴港华智慧能源有限公司
MU,威海市宏利天然气有限公司
MU,荣成港华燃气有限公司
MU,威海市天然气管网有限公司
MU,威海港华舒适家生活服务有限公司
MU,山东省天然气管网投资有限公司
MU,平阴港隆燃气有限公司
MU,济南市安信泰燃气工程设计有限公司
MU,济南中原检测科技有限公司
MU,济南市华通燃气工程有限公司
MU,济南济华燃气有限公司
MU,山东济华港润燃气有限公司
MU,济南华墨热电能源有限公司
MU,山东绿地华宝热电能源有限公司
MU,山东济华德润燃气有限公司
MU,山东济华舒适家科技服务有限公司
MU,山东济华城市服务有限公司
MU,阳信华源燃气有限公司
MU,阳信港能投智慧能源有限公司
MU,港华通瑞（内蒙古）能源发展有限公司
MU,包头市港亿隆能源服务有限公司
MU,包头市白云区华亿能源发展有限公司
MU,达茂旗寰亿能源有限公司
MU,青岛福泰港华燃气有限公司
MU,青岛中即名气家生活服务有限公司
MU,港华通瑞（即墨）能源发展有限公司
MU,青岛港能投智慧能源有限公司
MU,港华到家（青岛）信息技术有限公司
MU,青岛即北燃气有限公司
MU,山东港燃经贸有限公司
MU,港华通瑞（青岛）能源发展有限公司
MU,好美智谷创新科技（青岛）有限公司
MU,青岛岛城名气家生活服务有限公司
MU,临沂港华佰盛智慧能源有限公司
MU,港华通瑞（龙口）能源发展有限公司
MU,葫芦岛辽河油田燃气有限公司
MU,港华热能科技（山东）有限公司
MU,聊城市港华新能源科技发展有限公司
MU,聊城市港华舒适家生活服务有限公司
MU,潍坊港华公交燃气有限公司
MU,潍坊盛科工程技术有限公司
MU,潍坊潍州港华能源有限公司
MU,潍坊港华舒适家生活服务有限公司
MU,潍坊港华清洁能源有限公司
MU,潍坊盛科检验检测有限公司
MU,山东鲁龙天然气有限公司
MU,宁阳港华燃气有限公司
MU,泰安岱东泰燃天然气有限公司
MU,泰安港华安家生活服务有限公司
MU,泰安卓佳公用工程有限公司
MU,淄博般阳城市燃气有限公司
MU,山东中新晟通天然气利用有限公司
MU,桓台华润燃气有限公司
MU,淄博绿博亿丰燃气有限公司
MU,桐乡港华能源科技有限公司
MU,湖州港华能源科技有限公司
MU,杭州临平新奥能源发展有限公司
MU,杭州港华燃气工程有限公司
MU,杭州余杭港华燃气有限公司
MU,港华到家（杭州）信息技术有限公司
MU,铜山港华热力发展有限公司
MU,徐州盛源智慧科技有限公司
MU,盐城丰港智慧能源有限公司
MU,南京路港环境科技有限公司
MU,南京港华能源科技有限公司
MU,南京公用发展股份有限公司
MU,南京高职园能源科技有限公司
MU,松阳港能投智慧能源有限公司
MU,马鞍山市方圆工程技术咨询有限公司
MU,马鞍山易高车用能源有限公司
MU,当涂县港华燃气有限公司
MU,马鞍山港华能源有限公司
MU,名气家（马鞍山）生活服务有限公司
MU,马鞍山港能投智慧能源有限公司
MU,当涂港能投智慧能源有限公司
MU,青阳港华燃气有限公司
MU,池州前江燃气有限公司
MU,芜湖皖能天然气有限公司
MU,安庆港能投智慧能源有限公司
MU,安庆市宜港公用工程有限公司
MU,安庆市皖河燃气有限公司
MU,安庆长城港华燃气有限公司
MU,安庆名气家城燃商贸有限公司
MU,安庆皖江港华燃气有限公司
MU,永修港华燃气有限公司
MU,共青城港华燃气有限公司
MU,德安港华燃气有限公司
MU,庐山港华燃气有限公司
MU,九江深港燃气有限公司
MU,成都名气酒销售有限公司
MU,西藏康达能源管理有限公司
MU,威远港华城南压缩天然气有限公司
MU,威远欣港燃气有限公司
MU,四川苍弘能源工程有限公司
MU,四川苍溪分布式能源有限公司
MU,四川苍溪国港能源发展有限公司
MU,资阳临空华港燃气有限公司
MU,四川省资阳恒源压缩天然气有限公司
MU,乐至县洁能压缩天然气有限责任公司
MU,中江县平安油气有限责任公司
MU,德阳汇横能源有限公司
MU,重庆市綦江区綦永能源有限公司
MU,重庆中港能源有限公司
MU,重庆市金拓燃气工程有限公司
MU,重庆港鑫能源有限公司
MU,四川空港燃气有限公司
MU,四川省简阳正达实业有限公司
MU,眉山市彭山港华金碧燃气有限公司
MU,眉山市卓净企业管理服务有限责任公司
MU,眉山市彭山经开燃气有限公司
MU,绵阳港华普祥压缩天然气有限公司
MU,绵阳港华金祥燃气有限公司
MU,三台县东N天然气有限责任公司
MU,绵阳鑫港丰能源有限公司
MU,四川涪匠工程技术服务有限责任公司
MU,四川省三台新能天然气有限公司
MU,兴义港华舒适家科技服务有限公司
MU,成都通宸供应链管理有限公司
MU,夹江县四通市政工程有限责任公司
MU,成都锦江卓净日精洗涤有限责任公司
MU,四川省香城燃气有限责任公司
MU,成都新都港华能源有限公司
MU,黔西南州义信计量检定有限公司
MU,内江长城能源有限公司
MU,四川港华合纵天然气输配有限公司
MU,四川页岩气产业技术开发有限公司
MU,四川港华慧纵能源有限公司
MU,扶绥港华燃气有限公司
MU,平南港华燃气有限公司
MU,平乐中威管道燃气发展有限责任公司
MU,钟山港华燃气有限公司
MU,忻城中威管道燃气发展有限责任公司
MU,桂林卓惠清洁洗涤有限公司
MU,清远港华能源发展有限公司
MU,清远卓惠洗涤有限公司
MU,清远卓佳公用工程材料有限公司
MU,徐州工业园区中港热力有限公司
MU,港华到家（广东）信息技术有限公司
MU,清远港华职业技术咨询有限公司
MU,长汀福燃天然气有限责任公司
MU,韶关港华能源发展有限公司
MU,卓惠（韶关）洗涤有限公司
MU,韶关东兴港华燃气有限公司
MU,韶关港兴能源有限公司
MU,阳江港华能源有限公司
MU,港华热能科技（黄冈）有限公司
MU,广东卓奥智维技术服务有限公司
MU,潮州潮安深能港华燃气有限公司
MU,潮州饶平深能港华燃气有限公司
MU,潮州深能城市燃气发展有限公司
MU,潮州枫溪深能港华燃气有限公司
MU,卓裕测绘数字科技（深圳）有限公司
MU,卓佳公用工程（马鞍山）有限公司
MU,浙江卓裕港华能源技术有限公司
MU,吉林港华燃气有限公司
MU,吉林省天然气有限公司
MU,北京北燃港华燃气有限公司
MU,河北省天然气有限责任公司
MU,景县港华燃气有限公司
MU,新密港华燃气有限公司
MU,河南省中原石油天然气管网有限公司
MU,山东港华燃气集团有限公司
MU,苏州港华燃气有限公司
MU,张家港港华燃气有限公司
MU,吴江港华燃气有限公司
MU,中新苏州工业园区远大能源服务有限公司
MU,宜兴港华燃气有限公司
MU,常州港华燃气有限公司
MU,南京港华燃气有限公司
MU,徐州港华燃气有限公司
MU,丹阳港华燃气有限公司
MU,常州金坛港华燃气有限公司
MU,泰州港华燃气有限公司
MU,睢宁港华燃气有限公司
MU,丰县港华燃气有限公司
MU,泰州永安港华燃气有限公司
MU,江苏海企港华燃气股份有限公司
MU,沛县港华燃气有限公司
MU,"苏州工业园区苏相合作区市政公用发展有限公司
"
MU,泰州城投天然气有限公司
MU,杭州天然气有限公司
MU,杭州西园管道燃气有限公司
MU,广州港华燃气有限公司
MU,中山港华燃气有限公司
MU,广州东永港华燃气有限公司
MU,海南昆仑港华燃气有限公司
MU,西安秦华燃气集团有限公司
MU,芜湖华衍水务有限公司
MU,吴江华衍水务有限公司
MU,马鞍山华衍水务有限公司
MU,安徽省江北华衍水务有限公司
MU,佛山水务环保股份有限公司
MU,苏州工业园区清源华衍水务有限公司
MU,华衍环境产业发展（苏州）有限公司
MU,道胜环境产业有限公司
MU,铜陵市隆中环保有限公司
MU,常州华衍维尔利环境产业有限公司
MU,时代城市发展（常州）有限公司
MU,江苏大禹水务有限公司
MU,江苏道胜市容环境服务有限公司
MU,常州武高新道胜生态有限公司
MU,武汉市燃气集团有限公司
MU,武汉蓝焰自动化应用技术有限责任公司
MU,铜陵港华燃气有限公司
MU,丰城港华燃气有限公司
MU,萍乡港华燃气有限公司
MU,江西港华天然气有限公司
MU,樟树港华燃气有限公司
MU,安徽省天然气开发股份有限公司
MU,深圳市燃气集团股份有限公司
MU,中新苏州工业园区开发集团股份有限公司
MU,华衍环境投资（江苏）有限公司
MU,港华投资有限公司
MU,卓惠投资有限公司
MU,郑州卓惠洗涤有限公司
MU,山东港华培训学院
MU,港华（宜兴）生态休闲有限公司
MU,沈阳三全工程监理咨询有限公司
MU,江苏金卓建设工程有限公司
MU,广州港华燃气科技服务有限公司
MU,港华热能科技（南京）有限公司
MU,上海港燃能源集团有限公司
MU,卓通管道系统（中山）有限公司
MU,港华辉信工程塑料（中山）有限公司
MU,大连德泰名气通电讯有限公司
MU,山东名气通电讯有限公司
MU,常州新苏道胜生态有限公司
MU,莱阳名气通电讯有限公司
MU,丰县名气通电讯有限公司
MU,沛县名气通电讯有限公司
MU,齐齐哈尔港华燃气有限公司
MU,黑龙江港华联孚能源有限公司
MU,公主岭港华燃气有限公司
MU,四平港华燃气有限公司
MU,本溪港华燃气有限公司
MU,铁岭港华燃气有限公司
MU,朝阳港华燃气有限公司
MU,阜新港华燃气有限公司
MU,营口港华燃气有限公司
MU,大连长兴港华燃气有限公司
MU,沈阳港华燃气有限公司
MU,大连德泰港华燃气股份有限公司
MU,鞍山港华燃气有限公司
MU,大连旅顺港华燃气有限公司
MU,喀左港华燃气有限公司
MU,建平港华燃气有限公司
MU,北票港华燃气有限公司
MU,大连瓦房店港华燃气有限公司
MU,阜新大力燃气有限责任公司
MU,阜新新邱港华燃气有限公司
MU,齐齐哈尔兴企祥燃气有限责任公司
MU,本溪满族自治县港华天然气有限公司
MU,大连太平湾港华燃气有限公司
MU,秦皇岛港华燃气有限公司
MU,孟村回族自治县港华燃气有限公司
MU,沧县港华燃气有限公司
MU,盐山港华燃气有限公司
MU,石家庄华博燃气有限公司
MU,安国市华港燃气有限公司
MU,包头港华燃气有限公司
MU,内蒙古港亿天然气有限公司
MU,达茂港华燃气有限公司
MU,内蒙古西部天然气包北管道有限公司
MU,青岛中即港华燃气有限公司
MU,青岛东亿港华燃气有限公司
MU,青岛崂山湾港华能源有限公司
MU,龙口港华燃气有限公司
MU,招远港华燃气有限公司
MU,莱阳港华燃气有限公司
MU,威海港华燃气有限公司
MU,济南平阴港华燃气有限公司
MU,肥城港华燃气有限公司
MU,山东济华燃气有限公司
MU,山东济华润昌燃气有限公司
MU,茌平港华燃气有限公司
MU,博兴港华燃气有限公司
MU,阳信港华燃气有限公司
MU,五莲港华燃气有限公司
MU,淄博港华燃气有限公司
MU,淄博绿博燃气有限公司
MU,潍坊港华燃气有限公司
MU,临朐港华燃气有限公司
MU,泰安泰山港华燃气有限公司
MU,泰安市泰港燃气有限公司
MU,南京高淳港华燃气有限公司
MU,大丰港华燃气有限公司
MU,铜山港华燃气有限公司
MU,桐乡港华天然气有限公司
MU,湖州港华燃气有限公司
MU,杭州港华燃气有限公司
MU,杭州壬通燃气能源技术有限公司
MU,清远港华燃气有限公司
MU,韶关港华燃气有限公司
MU,阳江港华燃气有限公司
MU,桂林港华燃气有限公司
MU,广西中威管道燃气发展集团有限责任公司
MU,柳州港华燃气有限公司
MU,汨罗港华燃气有限公司
MU,长汀港华燃气有限公司
MU,港华热能科技（广州）有限公司
MU,潮州深能港华燃气有限公司
MU,兴义港华燃气有限公司
MU,资阳港华燃气有限公司
MU,威远港华燃气有限公司
MU,蓬溪港华燃气有限公司
MU,乐至港华燃气有限公司
MU,平昌港华燃气有限公司
MU,大邑港华燃气有限公司
MU,岳池港华燃气有限公司
MU,苍溪港华燃气有限公司
MU,中江港华燃气有限公司
MU,简阳港华燃气有限公司
MU,眉山市彭山港华燃气有限公司
MU,绵阳港华燃气有限公司
MU,三台港华燃气有限公司
MU,重庆港华燃气有限公司
MU,新津港华燃气有限公司
MU,成都新都港华燃气有限公司
MU,绵阳河清港华燃气有限公司
MU,绵竹玉泉港华燃气有限公司
MU,绵竹港华燃气有限公司
MU,夹江港华燃气有限公司
MU,陆良港华燃气有限公司
MU,四川港华合纵能源有限公司
MU,江西昌九港华燃气有限公司
MU,抚州市抚北天然气有限公司
MU,九江港华燃气有限公司
MU,修水港华燃气有限公司
MU,武宁港华燃气有限公司
MU,宜丰港华燃气有限公司
MU,马鞍山港华燃气有限公司
MU,池州港华燃气有限公司
MU,安庆港华燃气有限公司
MU,黄山港华燃气有限公司
MU,黄山太平港华燃气有限公司
MU,黄山徽州港华燃气有限公司
MU,马鞍山博望港华燃气有限公司
MU,马鞍山江北港华燃气有限公司
MU,芜湖港华燃气有限公司
MU,安徽省皖能港华天然气有限公司
MU,芜湖江北港华燃气有限公司
MU,钟祥港华燃气有限公司
MU,佛燃能源集团股份有限公司
MU,成都燃气集团股份有限公司
MU,卓惠洗涤有限公司
MU,港华燃气投资有限公司
MU,长春长港燃气有限公司
MU,卓裕（广东）工程建设有限公司
MU,中特检港华科技（深圳）有限公司
MU,四川能投分布式能源有限公司
气源,港华储气有限公司
气源,港华储气（金坛）有限公司
气源,港华国际能源贸易有限公司
气源,河北金建佳天然气有限公司
气源,港华天然气（唐山）有限公司
气源,山西港华煤层气有限公司
气源,宁夏易达天然气有限公司
气源,广东大鹏液化天然气有限公司
气源,深圳大鹏液化天然气销售有限公司
气源,江苏港华交通科技有限公司
气源,南京淳港能源科技有限公司
气源,港华国际能源贸易（深圳）有限公司
气源,港华能源贸易（常州）有限公司
气源,港华交通科技（南京）有限公司
气源,镇江港华交通科技有限公司
气源,杭州港华交通科技有限公司
气源,嘉兴市嘉燃港华交通科技有限公司
气源,苏州卓充新能源科技有限公司
气源,苏州工业园区苏相合作区港华交通科技有限公司
气源,港华天然气销售有限公司
气源,山东港燃经贸有限公司
气源,四川港华慧纵能源有限公司
气源,南京淳港天然气有限公司
气源,港华天然气（广州）有限公司
气源,港华国际能源贸易（天津）有限公司
气源,港华北方天然气销售（辽宁）有限公司
延伸,名气家信息服务有限公司
延伸,港华紫荆燃具（深圳）有限公司
延伸,港华紫荆燃具（苏州）有限公司
延伸,卓锐智高（武汉）科技有限公司
延伸,美家整体厨房有限公司
延伸,港华紫荆农庄（句容）有限公司
延伸,港华到家（广东）工程建设有限公司
延伸,上海安国保险经纪有限公司
延伸,名气家（沈阳）生活服务有限公司
延伸,名气家（山东）生活服务有限公司
延伸,名气家（江苏）生活服务有限公司
延伸,名气家（成都）生活服务有限公司
延伸,名气家（广东）信息服务有限公司
延伸,名气家（武汉）生活服务有限公司
延伸,齐齐哈尔名气家生活服务有限公司
延伸,吉林名气家生活服务有限公司
延伸,本溪名气家生活服务有限公司
延伸,营口名气家生活服务有限公司
延伸,朝阳名气家生活服务有限公司
延伸,北票名气家信息科技有限公司
延伸,建平名气家信息科技有限公司
延伸,铁岭名气家生活服务有限公司
延伸,阜新名气家生活服务有限公司
延伸,公主岭名气家生活服务有限公司
延伸,沈阳名气家信息科技有限公司
延伸,长春名气家生活服务有限公司
延伸,青岛中即名气家生活服务有限公司
延伸,青岛东亿名气家生活服务有限公司
延伸,烟台名气家生活服务有限公司
延伸,新密市名气家生活服务有限公司
延伸,包头名气家生活服务有限公司
延伸,滨州博兴名气家生活服务有限公司
延伸,济南平阴名气家生活服务有限公司
延伸,滨州阳信名气家生活服务有限公司
延伸,秦皇岛名气家生活服务有限公司
延伸,沧州名气家生活服务有限公司
延伸,北京名气家生活服务有限公司
延伸,淄博名气家生活服务有限公司
延伸,聊城名气家生活服务有限公司
延伸,苏州名气家生活服务有限公司
延伸,杭州名气家生活服务有限公司
延伸,常州港华名气家生活服务有限公司
延伸,徐州名气家信息科技有限公司
延伸,泰州名气家生活服务有限公司
延伸,无锡名气家信息科技有限公司
延伸,南京高淳名气家生活服务有限公司
延伸,沛县名气家生活服务有限公司
延伸,丰县名气家生活服务有限公司
延伸,睢宁名气家生活服务有限公司
延伸,铜山名气家生活服务有限公司
延伸,湖州名气家生活服务有限公司
延伸,张家港名气家生活服务有限公司
延伸,常州金坛名气家信息服务有限公司
延伸,丽水名气家生活服务有限公司
延伸,丹阳名气家生活服务有限公司
延伸,桐乡名气家生活服务有限公司
延伸,苏州吴江名气家信息科技有限公司
延伸,泰州名气家信息科技有限公司
延伸,威远名气家生活服务有限公司
延伸,苍溪名气家生活服务有限公司
延伸,中江名气家生活服务有限公司
延伸,简阳名气家信息科技有限公司
延伸,港华舒适家平昌科技服务有限公司
延伸,港华舒适家资阳科技服务有限公司
延伸,港华舒适家岳池科技服务有限公司
延伸,绵阳名气家生活服务有限公司
延伸,名气家（三台）科技服务有限公司
延伸,乐至名气家生活服务有限公司
延伸,陆良名气家生活服务有限公司
延伸,港华舒适家成都新都科技服务有限公司
延伸,遂宁名气家生活服务有限公司
延伸,大邑名气家信息科技有限公司
延伸,兴义港华舒适家科技服务有限公司
延伸,眉山市彭山港华舒适家科技服务有限公司
延伸,港华舒适家成都新津科技服务有限公司
延伸,绵竹港华舒适家科技服务有限公司
延伸,广州番禺名气家信息科技有限公司
延伸,广州名气家居民服务有限公司
延伸,清远名气家生活服务有限公司
延伸,韶关名气家生活服务有限公司
延伸,海南名气家生活服务有限公司
延伸,汨罗名气家生活服务有限公司
延伸,广西名气家信息服务有限公司
延伸,桂林名气家信息服务有限公司
延伸,阳江名气家生活服务有限公司
延伸,柳州名气家信息服务有限公司
延伸,潮州名气家生活服务有限公司
延伸,长汀名气家生活服务有限公司
延伸,深圳市燃气用具有限公司
延伸,中山名气家生活服务有限公司
延伸,中山小榄名气家居民服务有限公司
延伸,马鞍山名气家生活科技有限公司
延伸,黄山名气家技术服务有限公司
延伸,宜春名气家生活服务有限公司
延伸,池州名气家生活科技有限公司
延伸,武汉能源服务有限公司
延伸,江西名气家生活服务有限公司
延伸,铜陵名气家生活科技有限公司
再生能源,港华综合电能投资（深圳）有限公司
再生能源,港华分布式能源投资（深圳）有限公司
再生能源,敦煌港能投智慧能源有限公司
再生能源,泉州港能投光伏有限公司
再生能源,扬州港能投智慧能源有限公司
再生能源,青海省先进储能实验室有限公司
再生能源,常州港能投智慧能源有限公司
再生能源,上海融和电科融资租赁有限公司
再生能源,港华零碳（天津）投资合伙企业（有限合伙）
再生能源,北京港能光伏发电有限公司
再生能源,港华（深圳）能源管理有限公司
再生能源,港华能源投资有限公司
再生能源,徐州工业园区中港热力有限公司
再生能源,沈阳智慧能源系统科技有限公司
再生能源,青岛港能投智慧能源有限公司
再生能源,吉林省清洁能源开发利用有限公司
再生能源,阳信港能投智慧能源有限公司
再生能源,广西港华智慧能源有限公司
再生能源,唐山港能投智慧能源有限公司
再生能源,博兴港能投智慧能源有限公司
再生能源,徐州港华能源有限公司
再生能源,马鞍山港能投智慧能源有限公司
再生能源,新密港能投智慧能源有限公司
再生能源,深圳港能投智慧能源有限公司
再生能源,当涂港能投智慧能源有限公司
再生能源,松阳港能投智慧能源有限公司
再生能源,唐山港华能源有限公司
再生能源,安徽港华科达智慧能源有限公司
再生能源,常州港华天合智慧能源有限公司
再生能源,铜陵港能投智慧能源有限公司
再生能源,阜新港能投智慧能源有限公司
再生能源,潍坊航洲新能源科技有限公司
再生能源,丹阳港能投智慧能源有限公司
再生能源,青岛嘉嘉通新能源科技有限公司
再生能源,溧阳恒电新能源科技有限公司
再生能源,新野县启电光伏科技有限公司
再生能源,海城港华能源有限公司
再生能源,深圳港华综合能源有限公司
再生能源,苏州光辰新能源科技有限公司
再生能源,济宁道宏新能源有限公司
再生能源,安庆港能投智慧能源有限公司
再生能源,泰州港能智慧能源有限公司
再生能源,滨州鑫润丰新能源有限公司
再生能源,马鞍山市郑蒲港新区港能投光伏有限公司
再生能源,盐城港华智慧能源有限公司
再生能源,长三角一体化示范区（苏州吴江）港能投智慧能源有限公司
再生能源,武汉港能投智慧能源有限公司
再生能源,唐山港投综合智慧能源有限公司
再生能源,青岛港投光伏发电有限公司
再生能源,沧州港能投智慧能源有限公司
再生能源,本溪港能投智慧能源有限公司
再生能源,济宁港华智慧能源有限公司
再生能源,丹阳港能投光伏新能源有限公司
再生能源,陕西港华建能电力工程有限公司
再生能源,聊城港能投光伏发电有限公司
再生能源,中山港能智慧能源有限公司
再生能源,港华时代智慧能源科技（苏州）有限公司
再生能源,崇阳禾沐新能源科技有限公司
再生能源,港华（深圳）碳资产运营有限公司
再生能源,广州港能智慧能源有限公司
再生能源,徐州贾汪港电智慧能源有限公司
再生能源,池州港能投智慧能源有限公司
再生能源,威海港能投光伏发电有限公司
再生能源,马鞍山市博望区港华智慧能源有限公司
再生能源,石家庄港能新能源有限公司
再生能源,厦门港华智慧能源有限公司
再生能源,铁岭港能投智慧能源有限公司
再生能源,巩义市港华新能源有限公司
再生能源,南通港电智慧能源有限公司
再生能源,陕西港华智慧新能源有限公司
再生能源,泰州姜堰港能投智慧能源有限公司
再生能源,淮安港能投智慧能源有限公司
再生能源,扬州港华智慧能源有限公司
再生能源,西安港能投智慧能源有限公司
再生能源,营口港能投智慧能源有限公司
再生能源,漳浦港能投新能源科技有限公司
再生能源,南京港能投智慧能源有限公司
再生能源,江门港华智慧能源有限公司
再生能源,齐齐哈尔港能投智慧能源有限公司
再生能源,佛山顺德港投智慧能源有限公司
再生能源,郑州港能清洁能源有限公司
再生能源,辽宁抚顺港能智慧能源有限公司
再生能源,港华（深圳）绿电有限公司
再生能源,漳州台商投资区港华智慧新能源有限公司
再生能源,洋浦港华智慧能源有限公司
再生能源,长沙港能投智慧能源有限公司
再生能源,阳江港能投光伏有限公司
再生能源,丹阳港华智慧能源有限公司
再生能源,广东晟桂电力有限公司
再生能源,大连德泰港能投智慧能源有限公司
再生能源,辽宁港能智慧能源科技有限公司
再生能源,大连港华智慧能源有限公司
再生能源,杨凌港华综能新能源有限公司
再生能源,南阳港能投清洁能源有限公司
再生能源,长兴港能投智慧能源有限公司
再生能源,南京港能智慧能源有限公司
再生能源,潍坊港能投清洁能源有限公司
再生能源,株洲市国华智慧能源有限公司
再生能源,上海港华智慧能源有限公司
再生能源,青岛市莱西港能清洁能源有限公司
再生能源,荆门港能投新能源科技有限公司
再生能源,桂林港能投智慧能源有限公司
再生能源,咸宁港能投智慧能源有限公司
再生能源,徐州港燃智慧能源有限公司
再生能源,苏州绿创港华太瓦时投资中心（有限合伙）
再生能源,惠州港华能源有限公司
再生能源,铜陵港华综合智慧能源有限公司
再生能源,港华能源创科（深圳）有限公司
再生能源,桐乡港能投智慧能源有限公司
再生能源,西安港华新能源有限公司
再生能源,扶绥港能投智慧能源有限公司
再生能源,广州黄埔区港能投能源科技有限公司
再生能源,泰安港华智慧能源有限公司
再生能源,宜丰县港能投新能源有限公司
再生能源,莆田港华智慧能源有限公司
再生能源,东莞港能投智慧能源有限公司
再生能源,马鞍山港华综合智慧能源有限公司
再生能源,泉州港华智慧能源有限公司
再生能源,临沂港能投清洁能源有限公司
再生能源,汉川港能投智慧能源有限公司
再生能源,星创数能（浙江）科技有限公司
再生能源,宿迁港华能源有限公司
再生能源,珠海港能投智慧能源有限公司
再生能源,龙口港能投清洁能源有限公司
再生能源,天津市港能投新能源有限公司
再生能源,嘉兴港华智慧能源有限公司
再生能源,淄博港能投清洁能源有限公司
再生能源,徐州港能投智慧能源有限公司
再生能源,张家港港电智慧能源有限公司
再生能源,宜兴港燃智慧能源有限公司
再生能源,泰州滨港智慧能源有限公司
再生能源,青岛港能投清洁能源有限公司
再生能源,上海浦东港华数智能源发展有限公司
再生能源,深圳坪山港能投智慧能源有限公司
再生能源,济南港能投清洁能源有限公司
再生能源,泰州高港港电智慧能源有限公司
再生能源,清远港能投智慧能源有限公司
再生能源,武汉经济技术开发区港华智慧能源有限公司
再生能源,开封市港华新能源有限公司
再生能源,杭州港能投智慧能源有限公司
再生能源,郑州市港密新能源有限公司
再生能源,港华数智能源科技（深圳）有限公司
再生能源,黄冈港能投智慧能源有限公司
再生能源,长沙港华智慧能源有限公司
再生能源,唐山港慧综合能源有限公司
再生能源,西咸新区港华智慧新能源有限公司
再生能源,衡阳高新技术产业开发区港华能源有限公司
再生能源,金华港能投新能源有限公司
再生能源,扬州仪征港华智慧能源有限公司
再生能源,威海港能投清洁能源有限公司
再生能源,滁州港华综合能源有限公司
再生能源,琼海港华智慧能源有限公司
再生能源,黄山港华智慧能源有限公司
再生能源,东方港华智慧能源有限公司
再生能源,孝感市孝南区港能智慧能源有限公司
再生能源,汨罗港能投新能源科技有限公司
再生能源,抚州港能投智慧能源有限公司
再生能源,海口港华智慧能源有限公司
再生能源,灌阳港能投智慧新能源有限公司
再生能源,柳州港能投智慧能源有限公司
再生能源,重庆港能智慧能源有限公司
再生能源,北京港华纵横能源服务有限公司
再生能源,商丘市港能新能源有限公司
再生能源,泗阳港华能源有限公司
再生能源,广州科城港华智慧能源有限公司
再生能源,睿华（深圳）综合智慧能源有限公司
再生能源,随州港能投智慧能源有限公司
再生能源,梧州港华能源有限公司
再生能源,洋浦港能投光伏有限公司
再生能源,黄石港能投智慧能源有限公司
再生能源,宿迁港能投光伏有限公司
再生能源,邵阳港能投新能源有限公司
再生能源,常州平陵港华智慧能源有限公司
再生能源,昆山港能投智慧能源有限公司
再生能源,南通海安港瑞智慧能源有限公司
再生能源,荆州港能投智慧能源有限公司
再生能源,新沂港能投智慧能源有限公司
再生能源,吉电港华智慧能源（济南）有限公司
再生能源,宣城港华智慧能源有限公司
再生能源,迁安港能投综合智慧能源有限公司
再生能源,洛阳市港洛新能源有限公司
再生能源,中新绿能港华（苏州）能源有限公司
再生能源,肇庆高新区港能投智慧能源有限公司
再生能源,蚌埠港能投智慧能源有限公司
再生能源,安阳市港能新能源有限公司
再生能源,江阴港能投智慧能源有限公司
再生能源,仙桃市港能投智慧能源有限公司
再生能源,港华能碳（上海）科技有限公司
再生能源,潮州港能投智慧能源有限公司
再生能源,揭阳港能投智慧能源有限公司
再生能源,防城港港华能源有限公司
再生能源,沭阳中邺沭开新能源有限公司
再生能源,苏能港华能源（苏州）有限公司
再生能源,南宁港华智慧能源有限公司
再生能源,深圳港华慧能科技有限公司
再生能源,廊坊港能投智慧能源有限公司
再生能源,宁波港华智慧能源有限公司
再生能源,韶关港能投智慧能源有限公司
再生能源,广州黄埔区港储能源投资有限公司
再生能源,河源港能投智慧能源有限公司
再生能源,安庆港华智慧能源有限公司
再生能源,日新港华智慧能源（深圳）有限公司
再生能源,铜陵大江港华能源发展有限公司
再生能源,晋中港能投智慧能源有限公司
再生能源,广东港壹智慧能源有限公司
再生能源,浙江港华华储智慧能源有限公司
再生能源,珠海华发港华新能源有限公司
再生能源,烟台市港能清洁能源有限公司
再生能源,上海莘景港华储能有限责任公司
再生能源,上海华微港和储能有限公司
再生能源,上海上电港华能源科技有限公司
再生能源,济南济阳港能投清洁能源有限公司
再生能源,连云港港华新能源有限公司
再生能源,厦门象港投资合伙企业（有限合伙）
再生能源,江门港能投智慧能源有限公司
再生能源,广东港壹光伏科技有限公司
再生能源,博港新能源（上海）有限责任公司
再生能源,常州港华智慧能源有限公司
再生能源,常州长荡湖智慧能源有限公司
再生能源,南京港能光伏有限公司
再生能源,常州锐能新能源有限公司
再生能源,潍坊唐盛新能源有限公司
再生能源,响水中邺能天新能源有限公司
再生能源,响水中邺易隆新能源有限公司
再生能源,青岛红石和信新能源科技有限公司
再生能源,潍坊唐立新能源有限公司
再生能源,佛山港能投智慧能源有限公司
再生能源,郑州市豫嘉新能源科技有限公司
再生能源,郑州市豫善新能源科技有限公司
再生能源,徐州众宝新能源科技有限公司
再生能源,金乡港能投光伏发电有限公司
再生能源,泰州市神荣港投智慧能源有限公司
再生能源,湖北素日太阳能科技有限公司
再生能源,湖北晴泰太阳能科技有限公司
再生能源,大连港华能源有限公司
再生能源,陕西港华建能电力工程有限公司苏州分公司
再生能源,陕西港华建能电力工程有限公司深圳分公司
再生能源,青岛能投港华新能源有限公司
再生能源,滁州港能投新能源科技有限公司
再生能源,新密市港投光伏发电有限公司
再生能源,北京港能投新能源科技有限公司
再生能源,沈阳港能投新能源有限公司
再生能源,诸城扬德新能源科技有限公司
再生能源,青岛顺阳新能源有限公司
再生能源,淮安港华智慧能源有限公司
再生能源,青岛港能投光伏发电有限公司
再生能源,咸宁振星新能源工程有限责任公司
再生能源,徐州菱智博新能源科技有限公司
再生能源,池州港池新能源有限公司
再生能源,新乡港华清洁能源有限公司
再生能源,博兴县春阳新能源有限公司
再生能源,苏州顺精能新能源有限公司
再生能源,南京沐浩新能源有限公司
再生能源,昌邑港能投光伏发电服务有限公司
再生能源,沈阳港能投智慧能源科技有限公司
再生能源,宁德港华智慧能源有限公司
再生能源,盐城光和低碳科技有限公司
再生能源,上海瑾茸新能源科技有限公司
再生能源,上海茸昊新能源科技有限公司
再生能源,唐山市港电投新能源有限公司
再生能源,徐州港宝新能源科技有限公司
再生能源,东莞桥港智慧能源有限公司
再生能源,上海茸徐新能源科技有限公司
再生能源,上海昱瓦能源有限公司
再生能源,上海茸坤新能源科技有限公司
再生能源,惠州市晟耀新能源科技有限公司
再生能源,宣城艾能新能源有限公司
再生能源,上海富联盛康新能源有限公司
再生能源,宁波联阔新能源有限公司
再生能源,宁波昌业能源科技有限公司
再生能源,昌邑港洲新能源科技有限公司
再生能源,青岛合禧新能源有限公司
再生能源,宁波星瑞能源科技有限公司
再生能源,黄山港能投光伏有限公司
再生能源,宁波朝盛新能源有限公司
再生能源,宁波广智能源科技有限公司
再生能源,宁波旭善能源科技有限公司
再生能源,宁波盛凯能源科技有限公司
再生能源,宣城坤能新能源有限公司
再生能源,上海兆熙新能源科技有限公司
再生能源,朝阳港能投智慧能源科技有限公司
再生能源,昆山港电光伏有限公司
再生能源,新野县港华清洁能源有限公司
再生能源,西峡县港华清洁能源有限公司
再生能源,宁津锦辰新能源有限公司
再生能源,莆田市港能电力科技有限公司
再生能源,莆田市晶光电力科技有限公司
再生能源,港华碳汇投资（深圳）有限公司
再生能源,广东裕一建设工程有限公司
再生能源,南通海门风行新能源技术有限公司
再生能源,温州狮耀新能源有限公司
再生能源,深圳港华能源工程有限公司
再生能源,扬光新能源科技（临沂）有限公司
再生能源,宜兴港电智慧能源有限公司
再生能源,宁波镇海坤能新能源开发有限公司
再生能源,常州科鸿光伏电力有限公司
再生能源,苏州市晶步光伏电力有限公司
再生能源,镇江市中盛清洁能源有限公司
再生能源,余姚南泰光伏发电有限公司
再生能源,宁波吉泰光伏发电有限公司
再生能源,宁波森康能源科技有限公司
再生能源,丰县盛步光伏电力有限公司
再生能源,江阴市盛步光伏电力有限公司
再生能源,苏州乐光能源有限公司
再生能源,修武县嘉誉新能源科技有限公司
再生能源,山东利众新能源科技有限公司
再生能源,天津滨海环能新能源有限公司
再生能源,宜兴环兴新能源有限公司
再生能源,广东港能启辰新能源有限公司
再生能源,东莞港投智慧能源有限公司
再生能源,烟台朝晖新能源科技有限公司
再生能源,青岛]汇智慧能源科技有限公司
再生能源,唐河县港能清洁能源有限公司
再生能源,天津市宁河港能投能源有限公司
再生能源,汝阳县港汝清洁能源有限公司
再生能源,沁阳市长基新能源科技有限公司
再生能源,宿迁锦茂新能源有限公司
再生能源,盐城港华光伏有限公司
再生能源,泰安市弗莱格新能源有限公司
再生能源,金华炽伏能新能源科技有限公司
再生能源,秦皇岛市港能投能源有限公司
再生能源,东台协鑫港华投资合伙企业（有限合伙）
再生能源,江苏江阴-靖江工业园区亚辉新能源科技有限公司
再生能源,启东宏泰新能源有限公司
再生能源,苏州联浚智慧能源有限公司
再生能源,泉州港能三冠智慧能源有限公司
再生能源,福建港华源帆新能源有限公司
再生能源,湖州港华智慧能源有限公司
再生能源,淮安翌兆新能源有限公司
再生能源,大冶港能投新能源科技有限公司
再生能源,尉氏县港华新能源有限公司
再生能源,武汉星能聚创光伏发电有限公司
再生能源,松原昱阳新能源有限公司
再生能源,南通港瑞能源有限公司
再生能源,定州共赢电力有限公司
再生能源,衡阳澄星新能源有限公司
再生能源,遵化港投智慧能源有限公司
再生能源,长葛市港华清洁能源有限公司
再生能源,南通昱合新能源有限公司
再生能源,蒙城港能投光伏发电有限公司
再生能源,新乡绿电来新能源有限公司
再生能源,漳州市龙文区港能投新能源有限公司
再生能源,潍坊昊鑫绿能光伏科技有限公司
再生能源,锦州港能投智慧能源科技有限公司
再生能源,济南市长清区港投清洁能源有限公司
再生能源,天勤新能源（曹县）有限公司
再生能源,昌邑港能新能源科技有限公司
再生能源,济南章丘区港能投光伏发电有限公司
再生能源,建湖港华智慧能源有限公司
再生能源,中山市星旭光伏发电有限公司
再生能源,南京市星创光伏发电有限公司
再生能源,天津星创太阳能发电有限公司
再生能源,无锡市星创光伏发电有限公司
再生能源,烟台市星聚辉光伏发电有限公司
再生能源,厦门港能投光伏有限公司
再生能源,南通锦新能源有限公司
再生能源,潍坊滨海区港能投光伏发电有限公司
再生能源,盘锦星耀太阳能发电有限公司
再生能源,长沙市星旭光伏发电有限公司
再生能源,上海光耀能光伏电力有限公司
再生能源,苏州市星旭光伏发电有限公司
再生能源,港绿（杭州）新能源产业中心（有限合伙）
再生能源,港绿新能（杭州）控股有限公司
再生能源,港绿新能（浙江）能源有限公司
再生能源,嘉兴茸烨新能源技术有限公司
再生能源,宁波港坤新能源科技有限公司
再生能源,昆山鑫同光伏电力有限公司
再生能源,无锡北缈电力能源有限公司
再生能源,昆山志茸新能源科技有限公司
再生能源,昆山茸煊新能源科技有限公司
再生能源,南通海安港能新能源有限公司
再生能源,深圳港慧能源有限公司
再生能源,仪征意和港能投光伏有限公司
再生能源,渭南港华智慧新能源有限公司
再生能源,泗阳港新新能源有限公司
再生能源,苏州港华智投能源有限公司
再生能源,商丘市东能光伏电力有限公司
再生能源,江门市南盈太阳能科技有限公司
再生能源,青岛睿正光伏新能源有限公司
再生能源,夏邑县三洋新能源科技有限公司
再生能源,衢州睿隆综合能源有限公司
再生能源,新乡凤马平神能源科技有限公司
再生能源,信阳杭睿新能源有限公司
再生能源,六安市隆轩新能源有限公司
再生能源,铜川亿电新能新能源有限公司
再生能源,阜宁港华智慧能源有限公司
再生能源,凤阳纤安新能源有限公司
再生能源,武汉国楚云天新能源有限公司
再生能源,宿州百嘉光伏科技有限公司
再生能源,宿迁泗甬坤新能源开发有限公司
再生能源,宿州捷远新能源有限公司
再生能源,宿迁昱熠鑫新能源有限公司
再生能源,济宁市任城区港华清洁能源有限公司
再生能源,重庆玫克生智能科技有限公司
再生能源,聊城市云港光伏新能源有限公司
再生能源,襄阳星想新能源科技有限公司
再生能源,潍坊朝晖新能源科技有限公司
再生能源,徐州茹新能源有限公司
再生能源,上海晶盘光伏电力有限公司
再生能源,徐州拓阳光伏发电有限公司
再生能源,徐州盈阳光伏发电有限公司
再生能源,天津云熠新能源科技有限公司
再生能源,深圳港投智慧能源有限公司
再生能源,盐城春晖新能源有限公司
再生能源,新沂盛久绿电开发建设有限公司
再生能源,邵阳锦能连泰新能源有限公司
再生能源,常熟捷鹏新能源有限公司
再生能源,天津市津南港能新能源有限公司
再生能源,淄博泽能新能源有限公司
再生能源,随州星振新能源科技有限公司
再生能源,镇平县港能新能源有限公司
再生能源,中山市中鑫港能新能源科技有限公司
再生能源,浙江省宁波正睿谷鑫新能源有限公司
再生能源,永城市港能新能源有限公司
再生能源,东方港能投光伏有限公司
再生能源,舟山晟投新能源科技有限公司
再生能源,无锡晟投新能源科技有限公司
再生能源,响水尚启新能源科技有限公司
再生能源,长春中瑞信科技有限公司
再生能源,靖江市晶民太阳能发电有限公司
再生能源,无锡华能蠡股光能科技有限公司
再生能源,上海华永慧新能源有限公司
再生能源,开封捷迈新能源有限公司
再生能源,桐乡市港鸿太阳能有限公司
再生能源,琼海港能投光伏有限公司
再生能源,潍坊迎晖新能源科技有限公司
再生能源,宿迁迅途能源有限公司
再生能源,宿迁鑫洲新能源有限公司
再生能源,潍坊港能投光伏发电科技有限公司
再生能源,苏州百江电力能源有限公司
再生能源,南平港能投新能源科技有限公司
再生能源,洛阳市港孟新能源有限公司
再生能源,社旗县港能新能源有限公司
再生能源,邯郸市德亿新能源科技有限公司
再生能源,谷汇（平度市）新能源有限公司
再生能源,乐陵市蜻蜓光伏有限公司
再生能源,五河港能投新能源有限公司
再生能源,金华旖旎能源开发有限公司
再生能源,如皋港能投智慧能源有限公司
再生能源,广州振森新能源有限公司
再生能源,哈尔滨港能投智慧能源有限公司
再生能源,湖南潭钢新能源有限公司
再生能源,赵县港能新能源有限公司
再生能源,天津市滨海新区环聚新能源有限公司
再生能源,广州森乐新能源有限公司
再生能源,清远市携盛新能源科技有限公司
再生能源,广州晴盈新能源科技有限公司
再生能源,铜川港华智慧新能源有限公司
再生能源,徐州汇特港能投光伏有限公司
再生能源,日照市港能投光伏发电有限公司
再生能源,宁津东重新能源科技有限公司
再生能源,河南纳阳新能源有限公司
再生能源,深I（上海）综合能源服务有限公司
再生能源,东莞港慧能源有限公司
再生能源,淄博周村港华光伏发电有限公司
再生能源,山东中创新能源有限公司
再生能源,泰安德泰港能投新能源有限公司
再生能源,威海德泰港能投新能源有限公司
再生能源,遵化保碧威铭新能源科技有限公司
再生能源,港华综能（北京）科技有限公司
再生能源,佛山市中装智慧能源有限公司
再生能源,宁夏环能新能源有限公司
再生能源,吴都港华智慧能源（江阴）有限公司
再生能源,锦州市德泰港能投新能源有限公司
再生能源,河南晨科新能源有限公司
再生能源,鹤壁碳为新能源有限公司
再生能源,松原港能投智慧能源科技有限公司
再生能源,上高县控日新能源开发有限公司
再生能源,科城港华（南平建瓯）智慧能源有限公司
再生能源,邯郸港能新能源科技有限公司
再生能源,来安县港华光伏发电有限公司
再生能源,广东一智慧能源有限公司
再生能源,徐州港之新智慧能源有限公司
再生能源,德州港能投清洁能源有限公司
再生能源,临朐丰泰电力有限公司
再生能源,原阳县青电能源有限公司
再生能源,济宁捷辰新能源有限公司
再生能源,菏泽鲁西新区昱投新能源开发有限公司
再生能源,上海华微港和新能源有限公司
再生能源,茂名港能投新能源有限公司
再生能源,西安市高新区港华碳I智慧能源有限公司
再生能源,无锡锡山港瑞智慧能源有限公司
再生能源,无锡新吴港能投智慧能源有限公司
再生能源,安徽伟能光伏发电有限公司
再生能源,洛阳市港储新能源有限公司
再生能源,金华市港储慧能源有限公司
再生能源,温州港储慧储能科技有限公司
再生能源,嘉兴海宁港华储能科技有限公司
再生能源,上海港华数智储能科技有限公司
再生能源,上海港华数智节能科技有限公司
再生能源,沈阳港能新能源有限公司
再生能源,聊城港能投清洁能源有限公司
再生能源,徐州港宣新能源有限公司
再生能源,福州港能智慧能源有限公司
再生能源,泉州能港新能源技术有限公司
再生能源,中山港慧能源有限公司
再生能源,凤阳港泰智慧能源有限公司
再生能源,丽水市港储慧能源有限公司
再生能源,领方储能科技（嘉兴）有限公司
再生能源,杭州港储慧能源有限公司
再生能源,青岛市莱西港慧新能源投资有限公司
再生能源,广州港能储新能源投资有限公司
再生能源,宿迁泗阳港能投新能源有限公司
再生能源,济南卓越新能源有限公司
再生能源,苏州工业园区港储智慧能源有限公司
再生能源,绍兴市港储慧能源科技有限公司
再生能源,泰州港储智慧能源有限公司
再生能源,柳州昱能新能源有限公司
再生能源,南通海门港华智慧能源有限公司
再生能源,昆山港瑞智慧能源有限公司
再生能源,无锡华禧新能源有限公司
再生能源,铜陵大江港华新能源有限公司
再生能源,铜陵大江港华智慧能源有限公司
再生能源,博爱县港华博开新能源有限公司
再生能源,永清县辉航科技有限公司
再生能源,淮安市锦港智慧能源有限公司
再生能源,金华市华储智慧能源有限公司
再生能源,唐山港投焕电科技有限公司
再生能源,济南融晟新能源有限公司
再生能源,信阳锦辰黑土新能源有限公司
再生能源,台州港储能源科技有限公司
再生能源,湖州市港储慧能源有限公司
再生能源,兰溪市港慧智储科技有限公司
再生能源,天津鑫龙能源科技有限公司
再生能源,天津市宝坻港华新能源有限公司
再生能源,深圳港华顶新清洁能源有限公司
再生能源,宁津港能投清洁能源有限公司
再生能源,盐城浚旺能源有限公司
再生能源,扬州港储智慧能源有限公司
再生能源,仙桃贤坤新能源有限公司
再生能源,泰兴聚盛新能源有限公司
再生能源,武汉青坤新能源有限公司
再生能源,天津海一新能源科技有限公司
再生能源,亳州市中春光伏发电有限公司
再生能源,赣州联丰新能源有限公司
再生能源,江西振飞新能源有限公司
再生能源,嘉兴润澄能源科技有限公司
再生能源,马鞍山港储慧新能源有限公司
再生能源,无锡港慧能源有限公司
再生能源,常熟港慧能源有限公司
再生能源,宿迁泗阳深港储能科技有限公司
再生能源,惠州港慧能源有限公司
再生能源,南通港储慧能源有限公司
再生能源,常熟港储智慧能源有限公司
再生能源,嘉兴市港陆储华能源有限公司
再生能源,烟台市淼森新能源有限公司
再生能源,宁波市港储慧储能科技有限责任公司
再生能源,嘉兴桐乡市港储慧能源有限公司
再生能源,长沙港华新能源科技有限公司
再生能源,唐山港投清洁能源有限公司
再生能源,锦州港华新能源有限公司
再生能源,苏州同昌新能源科技有限公司
再生能源,黄山维创新能源有限公司
再生能源,天津鼎诚新能源科技有限公司
再生能源,铜陵市枞鑫新能源有限公司
再生能源,武汉黄坤新能源有限公司
再生能源,南昌市携盛新能源有限公司
再生能源,宿州市云竹新能源有限公司
再生能源,黄山坤能新能源开发有限公司
再生能源,东营市联盈新能源有限公司
再生能源,泗水县联光新能源有限公司
再生能源,滁州琅坤新能源开发有限公司
再生能源,台州浚中能源有限公司
再生能源,无锡和明光伏科技有限公司
再生能源,盐城联康新能源有限公司
再生能源,淄博晶岳太阳能科技有限公司
再生能源,福州港能投新能源科技有限公司
再生能源,代县上电港华新能源有限公司
再生能源,临沂盛望新能源有限公司
再生能源,无锡盛新能源有限公司
再生能源,义乌杭泰光伏发电有限公司
再生能源,焦作市海一光伏科技有限公司
再生能源,衡阳市融盛新能源有限公司
再生能源,南京市联久新能源有限公司
再生能源,厦门联华盛晖新能源有限公司
再生能源,威海日N新能源有限公司
再生能源,南通联雅能源科技有限公司
再生能源,衡阳市携盛新能源有限公司
再生能源,宁国同晶新能源有限公司
再生能源,石家庄联旭新能源科技有限公司
再生能源,商丘市凯杰新能源有限公司
再生能源,上海天伍光伏科技有限公司
再生能源,天津威烨新能源科技有限公司
再生能源,襄阳嘉盛新能源有限公司
再生能源,丹阳市晶能光伏电力有限公司
再生能源,苏州港能峰光智慧能源有限公司
再生能源,泰州姜堰智慧港能投光伏有限公司
再生能源,广州港慧能源有限公司
再生能源,杞县港开储能有限公司
再生能源,日照港投清洁能源有限公司
再生能源,建湖县港储慧能源有限公司
再生能源,承德港能新能源科技有限公司
再生能源,丹阳市港储慧能源有限公司
再生能源,广西贵港市港能投光伏发电有限公司
再生能源,广州港能投新能源服务有限公司
再生能源,龙口港投绿色能源有限公司
再生能源,江苏宿迁港储智慧能源有限公司
再生能源,保定港能投新能源科技有限公司
再生能源,港华能源创科控股（深圳）有限公司
再生能源,嘉兴鑫禹能源科技有限公司
再生能源,海宁晶港储能技术有限公司
再生能源,亳州港储慧能源有限公司
再生能源,苏州港储慧科能源有限公司
再生能源,南通宏晋新能源有限公司
再生能源,无锡庆峰新能源科技有限公司
再生能源,徐州港之储新能源科技有限公司
再生能源,无锡港储智慧能源有限公司
再生能源,常州源宏能源有限公司
再生能源,天津诺思新能源科技有限公司
再生能源,苏州坤吴新能源开发有限公司
再生能源,金华基旭能源科技有限公司
再生能源,苏州炽伏能新能源科技有限公司
再生能源,连云港炽能新能源有限公司
再生能源,莎因新能源科技（无锡）有限公司
再生能源,来安县联富新能源有限公司
再生能源,上海聚信天一新能源科技有限公司
再生能源,徐州市邳州港德能源有限公司
再生能源,东莞港华智慧新能源有限公司
再生能源,上海碳迈能源科技有限公司
再生能源,中山港能投智慧能源有限公司
再生能源,泰州港海储能智慧能源有限公司
再生能源,扬州光彩光伏有限公司
再生能源,南宁港能投光伏发电有限公司
再生能源,东升泰达兴（淄博）新能源科技有限公司
再生能源,无锡港投能源科技有限公司
再生能源,启东宏泰新能源有限公司
再生能源,乐清市晶灿储能技术有限公司
再生能源,日照新铝长源新能源有限公司
再生能源,绍兴澄吉鑫能源科技有限公司
再生能源,金华港电新能源有限公司
再生能源,长沙宁兴华港光储科技有限公司
再生能源,广州港投光伏能源有限公司
再生能源,绿创新能（杭州）能源有限公司
再生能源,华系（金华）工程项目管理有限公司
再生能源,天津滨海空保港能投新能源有限公司
再生能源,钦州港能投智慧能源有限公司
再生能源,佛山港能投智慧光伏能源有限公司
再生能源,江门港能投光伏有限公司
再生能源,佛山港能投能源有限公司
再生能源,上海融禄港储能源有限公司
绿燃,内蒙古易高煤化科技有限公司
绿燃,臻新绿源科技(佛山)有限公司
