组织编码,组织英文名称,组织名称
00001,The Hong Kong and China Gas Company Limited,香港中华煤气有限公司
00002,Skyward Investments Limited,Skyward Investments Limited
00003,Brilliant World International Limited,Brilliant World International Limited
00004,Edonlite Holdings Limited,Edonlite Holdings Limited
00005,Primebay Investments Limited,Primebay Investments Limited
00006,China Guide Resources Limited,中诚资源有限公司
00007,Smoothing Investment Limited,伟诚倡投资有限公司
00008,Quality Testing Services Limited,质量测检服务有限公司
00009,P-Tech Engineering Company Limited,卓诚工程有限公司
00010,China Gas Company Limited,中华煤气有限公司
00011,Hong Kong Gas Company Limited,香港煤气有限公司
00012,Alpha Idea International Limited,星满国际有限公司
00013,Eagle Legend International Limited,精裕国际有限公司
00014,Premier Century Investments Limited,声耀投资有限公司
00015,Giant Capital Developments Limited,Giant Capital Developments Limited
00016,Hong Kong and China Natural Gas Company Limited,香港中华天然气有限公司
00017,Hong Kong Natural Gas Company Limited,香港天然气有限公司
00019,Towngas Technologies Limited,Towngas Technologies Limited
00020,Uticom Limited,Uticom Limited
00021,Hong Kong and China Natural Gas Limited,Hong Kong and China Natural Gas Limited
00022,New Plan Development Limited,新计划发展有限公司
00023,HKCG (Finance) Limited,HKCG (Finance) Limited
00024,The Hong Kong and China Gas Charity Foundation Limited,香港中华煤气慈善基金有限公司
00025,The Hong Kong and China Gas Social Enterprise Charity Fund Limited,香港中华煤气社会企业慈善基金有限公司
00027,S-Tech Technology Holding Limited,卓锐高科控股有限公司
00028,Towngas (Finance) Limited,Towngas (Finance) Limited
00029,S-Tech Technology Consulting Limited,卓锐高科顾问有限公司
00031,Towngas Smart Energy Company Limited (BVI),中华煤气智慧能源有限公司 (BVI)
00032,Towngas Investment Company Limited,煤气投资有限公司
00033,Union World Limited,Union World Limited
00034,Vast World Limited,Vast World Limited
00035,Superfun Enterprises Limited,Superfun Enterprises Limited
00036,Upwind International Limited,Upwind International Limited
00037,Starmax Assets Limited,Starmax Assets Limited
00038,Starmax Property Investment (Holdings) Limited,Starmax Property Investment (Holdings) Limited
00039,Starmax Property Development (Holdings) Limited,Starmax Property Development (Holdings) Limited
00040,Starmax Property Investment Limited,Starmax Property Investment Limited
00041,State Express Limited,State Express Limited
00042,Planwise Properties Limited,Planwise Properties Limited
00043,U-Tech Engineering Company Limited,卓裕工程有限公司
00044,Monarch Properties Limited,Monarch Properties Limited
00045,Investstar Limited,Investstar Limited
00046,Prominence Properties Limited,Prominence Properties Limited
00047,Pathview Properties Limited,Pathview Properties Limited
00048,Towngas Enterprise Limited,煤气企业有限公司
00049,Carswell Developments Limited,星尔发展有限公司
00050,Lion Legend Limited,Lion Legend Limited
00051,Summit Result Developments Limited,得志发展有限公司
00052,Empire Bridge Investments Limited,Empire Bridge Investments Limited
00053,Wellfast Holdings Limited,Wellfast Holdings Limited
00054,Fame Union Limited,Fame Union Limited
00055,Technology Capitalization Limited,Technology Capitalization Limited
00056,Frontier Success Limited,Frontier Success Limited
00057,Towngas Global Net Limited,Towngas Global Net Limited
00058,Towngas Telecommunications Company Limited,名气通电讯有限公司
00059,Wang Tack International Limited,Wang Tack International Limited
00060,Towngas Telecommunications (China) Limited,名气通电讯（中国）有限公司
00061,HDC Data Centre Limited,HDC Data Centre Limited
00062,Cotech Investment Limited,Cotech Investment Limited
00063,Towngas Telecommunications Fixed Network Limited,名气通电讯固网有限公司
00064,Towngas Telecommunications (Weihai) Limited,名气通电讯（威海）有限公司
00065,Towngas IT Company Limited,Towngas IT Company Limited
00066,Danetop Services Limited,Danetop Services Limited
00067,Barnaby Assets Limited,Barnaby Assets Limited
00068,ECO Environmental Investments Limited,易高环保投资有限公司
00069,ECO Aviation Fuel Development Limited,易高航空燃料有限公司
00070,ECO Aviation Fuel Services Limited,易高航空燃料服务有限公司
00071,P-Tech Renewable Energy Limited,卓诚再生能源有限公司
00072,P-Tech Landfill Gas (SENT) Company Limited,卓诚沼气利用（东南新界）有限公司
00073,P-Tech Landfill Gas (NENT) Limited,卓诚沼气利用（东北新界）有限公司
00074,ECO Environmental Energy (China) Limited,易高环保能源（中国）有限公司
00075,ECO Environmental Investments (Holdings) Limited,易高环保投资（控股）有限公司
00076,ECO Environmental Investments (China) Limited,易高环保投资（中国）有限公司
00077,ECO Energy (International) Investments Limited,易高能源（国际）投资有限公司
00078,ECO Methanol Synthesis and Utilization Limited,易高甲醇合成利用有限公司
00079,ECO Coal Gasification Limited,易高煤气化有限公司
00080,ECO Cryogenic Energy and Auxiliary Services Supply Limited,易高深冷能及公用设施配套有限公司
00081,ECO Coal Resources Development (Fengcheng) Limited,易高煤矿资源开发（丰城）有限公司
00082,Ocean Express Investments Limited,海恒投资有限公司
00083,ECO Natural Gas (China) Limited,易高天然气（中国）有限公司
00084,ECO Natural Gas (Xian) Limited,易高天然气（西安）有限公司
00085,ECO LNG (Shaanxi) Limited,易高液化天然气（陕西）有限公司
00086,ECO Coalbed Methane (China) Limited,易高煤层气（中国）有限公司
00087,ECO Coalbed Methane (Shanxi) Limited,易高煤层气（山西）有限公司
00088,ECO Clean Energy Company Limited,易高清洁能源有限公司
00089,ECO Petroleum Resources Investments (China) Limited,易高石油资源投资（中国）有限公司
00090,ECO Environmental Energy Limited,易高环保能源有限公司
00091,Hong Kong and China Gas (Hainan) Limited,香港中华煤气（海南）有限公司
00092,Fanico Investments Limited,恩发投资有限公司
00093,Hong Kong and China Gas (Yuanping) Limited,香港中华煤气（原平）有限公司
00094,Hong Kong & China Water Limited (HK),衍华水务（中国）有限公司 (HK)
00095,Hong Kong and China Water (Wuhu) Limited,华衍水务（芜湖）有限公司
00096,Full Beam Limited,宏亮有限公司
00097,Sky Boom Limited,天盛有限公司
00098,ECO Environmental Energy Research Institute Limited,易高环保能源研究院有限公司
00099,ECO Oil Shale Investments Limited,易高油页岩投资有限公司
00100,Hong Kong and China Gas (Zhangshu) Limited,香港中华煤气（樟树）有限公司
00101,ECO Vehicular Fuel Company Limited,易高车用燃料有限公司
00102,ECO Natural Gas (Jining) Limited,易高天然气（济宁）有限公司
00103,ECO Natural Gas (Xinmi) Limited,易高天然气（新密）有限公司
00104,ECO Natural Gas (Lingshi) Limited,易高天然气（灵石）有限公司
00105,Hong Kong and China Gas (Xinmi) Limited,香港中华煤气（新密）有限公司
00106,ECO Clean Resources Company Limited,易高清洁资源有限公司
00107,Hong Kong and China Gas (Pingxiang) Limited,香港中华煤气（萍乡）有限公司
00108,Hong Kong and China Gas (Jiangxi) Limited,香港中华煤气（江西）有限公司
00109,ECO Coal Mine Gas (Shanxi) Limited,易高煤矿瓦斯（山西）有限公司
00110,ECO Coal Mine Gas (Chongqing) Limited,易高煤矿瓦斯（重庆）有限公司
00111,ECO Natural Gas (Dongping) Limited,易高天然气（东平）有限公司
00112,ECO Natural Gas (Chiping) Limited,易高天然气（茌平）有限公司
00113,ECO Energy (Central Inner Mongolia) Company Limited,易高能源（内蒙古中部）有限公司
00114,Hong Kong and China Gas (Jiangsu) Limited,香港中华煤气（江苏）有限公司
00115,Hong Kong and China Gas (Hangzhou Natural Gas) Limited,香港中华煤气（杭州天然气）有限公司
00116,Hong Kong and China Gas (Xian) Limited,香港中华煤气（西安）有限公司
00117,Hong Kong and China Gas (Tongling) Limited,香港中华煤气（铜陵）有限公司
00118,Hong Kong & China Gas (Hangzhou City) Limited,香港中华煤气（杭州）有限公司
00119,ECO Energy (Eastern Inner Mongolia) Company Limited,易高能源（内蒙古东部）有限公司
00120,ECO Energy (Ningxia) Company Limited,易高能源（宁夏）有限公司
00121,Meter Technologies Limited,卓度科技有限公司
00122,TGT Destic Company Limited,名气通科技城（大连）有限公司
00123,Apex Time Holdings Limited,宗诚控股有限公司
00124,M-Tech Instrument Corporation (Holding) Limited,卓度仪表（控股）有限公司
00125,TGT Laiyang Company Limited,名气通莱阳有限公司
00126,TGT Fengxian Company Limited,名气通丰县有限公司
00127,Hong Kong and China Gas (Jingxian) Limited,香港中华煤气（景县）有限公司
00128,Hong Kong and China Gas (Shanxi) Limited,香港中华煤气（山西）有限公司
00129,Hong Kong and China Gas (Yangzhou) Limited,香港中华煤气（扬州）有限公司
00130,Hong Kong and China Gas (Zhengzhou) Limited,香港中华煤气（郑州）有限公司
00131,Hong Kong and China Gas Storage Limited,香港中华煤气储气有限公司
00132,G-Tech Piping Technologies Limited,G-Tech Piping Technologies Limited
00133,G-Tech Piping Company Limited,G-Tech Piping Company Limited
00135,ECO Orient Resources (Thailand) Ltd.,ECO Orient Resources (Thailand) Ltd.
00136,TGT Peixian Company Limited,名气通沛县有限公司
00137,Hong Kong and China Water (Maanshan) Limited,华衍水务（马鞍山）有限公司
00138,Hong Kong and China Gas (Huaian) Limited,香港中华煤气（淮安）有限公司
00139,TGT Harbin Company Limited,名气通哈尔滨有限公司
00140,M-Tech Instrument (Hong Kong) Limited,卓度仪表（香港）有限公司
00141,Hong Kong and China Gas Eco-Leisure (Yixing) Limited,香港中华煤气生态休闲（宜兴）有限公司
00142,ECO Energy Development Company Limited,易高能源发展有限公司
00143,TGT Beijing IS Company Limited,名气通北京信息服务有限公司
00144,TGT Songshanhu Company Limited,名气通松山湖有限公司
00145,TGT Shenzhen Data Services Company Limited,名气通深圳数据服务有限公司
00146,ECO Energy Capital Limited,ECO Energy Capital Limited
00147,ECO Energy (Central South Inner Mongolia) Company Limited,易高能源（内蒙古中南部）有限公司
00148,Hong Kong and China Water (Anhui Jiangbei) Limited,华衍水务（安徽江北）有限公司
00149,TGT Beijing FS Company Limited,名气通北京财务软件有限公司
00150,TGT Cloud Services (Hong Kong) Holding Company Limited,名气通香港云计算服务控股有限公司
00151,ECO Environmental Investments (Inner Mongolia) Limited,易高环保投资（内蒙古）有限公司
00152,ECO Coal Chemical Technology Investments Limited,易高煤化科技投资有限公司
00153,ECO Liquefied Coalbed Methane Investment Company Limited,易高液化煤层气投资有限公司
00154,ECO Coal Chemical Technology (Inner Mongolia) Limited,易高煤化科技（内蒙古）有限公司
00155,TGT BROADBANDgo Company Limited,TGT BROADBANDgo Company Limited
00156,TGT TGgo Company Limited,TGT TGgo Company Limited
00157,TGT Network Limited,名气通网络有限公司
00158,BROADBANDgo Company Limited,BROADBANDgo Company Limited
00159,TGgo Company Limited,TGgo Company Limited
00161,Hong Kong & China Gas (Qianhai) Investments Limited,香港中华煤气（前海）投资有限公司
00162,Hong Kong and China Gas (Qianhai) Limited,香港中华煤气（前海）有限公司
00163,TGT Shanghai Data Services Company Limited,上海名气通数据服务有限公司
00164,Zhong Wei Investments Limited,中维投资有限公司
00165,Genova Investments Holding Limited,Genova Investments Holding Limited
00166,Genova Technology Investments Holding Limited,臻新绿源科技投资有限公司
00167,Hong Kong and China Gas (Huanghua) Limited,香港中华煤气（黄骅）有限公司
00168,ECO Advanced Materials Investments Company Limited,易高新材料投资有限公司
00169,ECO Advanced Carbon Materials Company Limited,易高新型碳材料有限公司
00170,Hong Kong and China Water (Foshan) Limited,华衍水务（佛山）有限公司
00171,ECO Environmental & InnoTech Investments Limited,易高环保创科投资有限公司
00172,ECO Clean Coal Chemical Company Limited,易高洁净煤化工有限公司
00173,ECO Carbon New Material Company Limited,易高碳素新材料有限公司
00174,ECO Oil Development Limited,ECO Oil Development Limited
00175,ECO Carbon Materials Technology Investments Limited,易高碳材料科技投资有限公司
00176,ECO Carbon Materials Technology Company Limited,易高碳材料科技有限公司
00177,Hong Kong & China Gas LNG International Trading Limited,香港中华煤气液化天然气国际贸易有限公司
00178,Bravo Energy Global Limited,Bravo Energy Global Limited
00179,Hong Kong and China Gas (Jiangsu) Agricultural Limited,香港中华煤气（江苏）农业有限公司
00180,S&T International Nature Gas Trading Company Limited,新港国际天然气贸易有限公司
00181,Hong Kong and China Environmental Holdings Company Limited,华衍环境控股有限公司
00182,Hong Kong and China Gas (Tangshan) Limited,香港中华煤气（唐山）有限公司
00184,C-Tech Laundry (0003) Investment Company Limited,卓惠洗涤（0003）投资有限公司
00185,Hong Kong and China Gas (Suxiang) Limited,香港中华煤气（苏相）有限公司
00186,Hong Kong and China Power Investment Holdings Company Limited,港投综合电能投资控股有限公司
00187,Hong Kong and China Energy Investment Holdings Company Limited,港投分布式能源投资控股有限公司
00188,Hong Kong and China Power Holdings Company Limited,港投综合电能控股有限公司
00189,Hong Kong and China Energy Holdings Company Limited,港投分布式能源控股有限公司
00190,Climate-Tech Energy Global Consultancy Limited,绿智碳认证国际顾问服务有限公司
00191,Hong Kong and China Power (Finance) Limited,港投综合电能（融资）有限公司
00192,Hong Kong and China Energy (Finance) Limited,港投分布式能源（融资）有限公司
00193,Towngas Renewable Energy Company Limited,中华煤气可再生能源有限公司
00194,Towngas - China Power (HK) Integrated Energy Company Limited,港华中国电力（香港）综合智慧能源有限公司
00195,"EcoCeres, Inc.","EcoCeres, Inc."
00196,Towngas Energy Academy Limited,港华能源研究院有限公司
00197,Towngas Lifestyle Holding Company Limited (HK),名气家控股有限公司 (HK)
00198,P-Tech Landfill Gas (NENT Extension) Company Limited,卓诚沼气利用（东北新界扩建）有限公司
00200,Eminent Power Enterprises Limited,威卓企业有限公司
00201,Towngas Lifestyle Holding Company Limited (CAY),名气家控股有限公司 (CAY)
00202,Brilliant Shine Ventures Limited,卓盛创投有限公司
00203,Excel Creation Investments Limited,创熙投资有限公司
00204,Towngas Lifestyle (Hong Kong) Company Limited,名气家（香港）有限公司
00205,Towngas Lifestyle IP Limited,Towngas Lifestyle IP Limited
00206,Towngas International Company Limited,中华煤气国际有限公司
00207,Hong Kong & China Gas (China) Limited,香港中华煤气（中国）有限公司
00208,Hong Kong & China Gas (Panyu) Limited,香港中华煤气（番禺）有限公司
00209,Hong Kong & China Gas (Zhongshan) Limited,香港中华煤气（中山）有限公司
00210,Hong Kong & China Gas (Guangzhou) Limited,香港中华煤气（广州）有限公司
00211,Hong Kong & China Gas (Suzhou) Limited,香港中华煤气（苏州）有限公司
00212,Hong Kong & China Gas (Guangzhou Science City) Limited,香港中华煤气（广州科学城）有限公司
00213,Hong Kong & China Gas (Yixing) Limited,香港中华煤气（宜兴）有限公司
00214,Hong Kong & China Gas (Jinling) Limited,香港中华煤气（金陵）有限公司
00215,Hong Kong & China Gas (Zhangjiagang) Limited,香港中华煤气（张家港）有限公司
00216,HKCG Meters Limited,HKCG Meters Limited
00217,Asia Gas and Power Company Limited,Asia Gas and Power Company Limited
00218,Hong Kong & China Gas (Taizhou) Limited,香港中华煤气（泰州）有限公司
00219,Hong Kong & China Gas (Changzhou) Limited,香港中华煤气（常州）有限公司
00220,Hong Kong & China Gas (Nanjing) Limited,香港中华煤气（南京）有限公司
00221,Hong Kong & China Gas (Wuhan) Limited,香港中华煤气（武汉）有限公司
00222,Hong Kong & China Gas (Manufacturing) Limited,Hong Kong & China Gas (Manufacturing) Limited
00223,Hong Kong & China Gas (Shenzhen) Limited,香港中华煤气（深圳）有限公司
00224,Hong Kong & China Gas Investment Holdings Limited,香港中华煤气投资有限公司
00225,Hong Kong & China Gas (Wujiang) Limited,香港中华煤气（吴江）有限公司
00226,Hong Kong & China Gas (Jilin) Limited,香港中华煤气（吉林）有限公司
00227,Sky Global Limited,天宏有限公司
00228,Hong Kong & China Gas (Jinan) Limited,香港中华煤气（济南）有限公司
00229,Hong Kong & China Gas (Xuzhou) Limited,香港中华煤气（徐州）有限公司
00230,Hong Kong & China Gas (Danyang) Limited,香港中华煤气（丹阳）有限公司
00231,Hong Kong & China Gas (Chaozhou) Limited,香港中华煤气（潮州）有限公司
00232,Hong Kong & China Gas (Anhui) Limited,香港中华煤气（安徽）有限公司
00233,Hong Kong & China Gas (Hebei) Limited,香港中华煤气（河北）有限公司
00234,Towngas System Corporation,名气系统有限公司
00235,Towngas System (International) Company Limited,名气系统（国际）有限公司
00236,Jingdezhen Investment Company Limited,景德镇投资有限公司
00237,Hong Kong & China Gas (Jintan) Limited,香港中华煤气（金坛）有限公司
00238,Hong Kong & China Gas (Fengcheng) Limited,香港中华煤气（丰城）有限公司
00239,Hong Kong & China Gas (Jilin Province) Limited,香港中华煤气（吉林省）有限公司
00240,Hong Kong & China Gas (Jiangmen) Limited,香港中华煤气（江门）有限公司
00241,Hong Kong & China Gas (Shantou) Limited,香港中华煤气（汕头）有限公司
00242,Hong Kong & China Gas (Huizhou) Limited,香港中华煤气（惠州）有限公司
00243,Hong Kong & China Gas (Dongguan) Limited,香港中华煤气（东莞）有限公司
00244,Hong Kong & China Gas (Shunde) Limited,香港中华煤气（顺德）有限公司
00245,Hong Kong & China Gas (Fangcun) Limited,香港中华煤气（芳村）有限公司
00246,Hong Kong & China Gas (Zhenjiang) Limited,香港中华煤气（镇江）有限公司
00247,TransAsia Energy International Limited,贯华能源国际有限公司
00248,Hong Kong & China Gas (Changsha) Limited,香港中华煤气（长沙）有限公司
00249,Hong Kong & China Gas (Huanghua) Investments Limited,香港中华煤气（黄骅）投资有限公司
00250,Hong Kong & China Gas (Macau) Limited,香港中华煤气（澳门）有限公司
00251,Hong Kong & China Gas (Jiaxing) Limited,香港中华煤气（嘉兴）有限公司
00252,Towngas (China) Limited,Towngas (China) Limited
00253,Hong Kong & China Gas (Wuxi) Limited,香港中华煤气（无锡）有限公司
00254,Hong Kong & China Gas (Nansha) Limited,香港中华煤气（南沙）有限公司
00255,Hong Kong & China Gas (Jiangyin) Limited,香港中华煤气（江阴）有限公司
00256,Hong Kong & China Gas (Suzhou New District) Limited,香港中华煤气（苏州新区）有限公司
00257,Hong Kong & China Gas (Zengcheng) Limited,香港中华煤气（增城）有限公司
00258,Hong Kong & China Gas (Nanhai) Limited,香港中华煤气（南海）有限公司
00259,Hong Kong & China Gas (Beijing) Limited,香港中华煤气（北京）有限公司
00260,Hong Kong & China Gas (Yi Zhuang) Limited,香港中华煤气（亦庄）有限公司
00261,Hong Kong & China Gas (Tongling) Limited,香港中华煤气（铜陵）有限公司
00262,Hong Kong & China Gas (Zhuhai) Limited,香港中华煤气（珠海）有限公司
00263,Hong Kong & China Gas (Shaoxing) Limited,香港中华煤气（绍兴）有限公司
00264,Hong Kong & China Water Limited (BVI),华衍水务（中国）有限公司 (BVI)
00265,Hong Kong & China Water (Wujiang) Limited,华衍水务（吴江）有限公司
00266,Hong Kong & China Water (Suzhou) Limited,华衍水务（苏州）有限公司
00267,Hong Kong & China Water (Wuhu) Limited,华衍水务（芜湖）有限公司
00268,Hong Kong & China Water (Changzhou) Limited,华衍水务（常州）有限公司
00270,Guangzhou Hong Kong and China Gas Company Limited,广州港华燃气有限公司
00271,Zhongshan Hong Kong and China Gas Limited,中山港华燃气有限公司
00272,Guangzhou Dongyong Hong Kong & China Gas Company Limited,广州东永港华燃气有限公司
00273,"Suzhou Hong Kong and China Gas Co., Ltd.",苏州港华燃气有限公司
00274,Yixing Hong Kong and China Gas Company Limited,宜兴港华燃气有限公司
00275,Zhangjiagang Hong Kong and China Gas Company Limited,张家港港华燃气有限公司
00276,Taizhou Hong Kong and China Gas Company Limited,泰州港华燃气有限公司
00277,Changzhou Hong Kong and China Gas Company Limited,常州港华燃气有限公司
00278,Nanjing Hong Kong and China Gas Company Limited,南京港华燃气有限公司
00279,武汉市燃气集团有限公司,武汉市燃气集团有限公司
00280,Shenzhen Gas Corporation Ltd.,深圳市燃气集团股份有限公司
00281,山东港华燃气集团有限公司,山东港华燃气集团有限公司
00282,Xuzhou Hong Kong and China Gas Company Limited,徐州港华燃气有限公司
00283,"Danyang Hong Kong and China Gas Co., Ltd.",丹阳港华燃气有限公司
00284,Chaozhou Hong Kong and China Gas Co. Ltd.,潮州港华燃气有限公司
00285,"Anhui Province Natural Gas Development Co., Ltd.",安徽省天然气开发股份有限公司
00286,Hebei Natural Gas Company Limited,河北省天然气有限责任公司
00287,Wujiang Hong Kong and China Gas Company Limited,吴江港华燃气有限公司
00288,Jilin Hong Kong and China Gas Company Limited,吉林港华燃气有限公司
00289,Hangzhou Natural Gas Company Limited,杭州天然气有限公司
00290,常州金坛港华燃气有限公司,常州金坛港华燃气有限公司
00291,Fengcheng Hong Kong & China Gas Co. Ltd.,丰城港华燃气有限公司
00292,Jilin Province Natural Gas Limited Company,吉林省天然气有限公司
00293,Beijing Beiran & HKCG Gas Company Limited,北京北燃港华燃气有限公司
00294,西安秦华燃气集团有限公司,西安秦华燃气集团有限公司
00295,Tongling Hong Kong and China Gas Company Limited,铜陵港华燃气有限公司
00296,Wuhu Hong Kong and China Water Company Limited,芜湖华衍水务有限公司
00297,"Wujiang Hong Kong & China Water Co., Ltd.",吴江华衍水务有限公司
00298,"Suzhou Industrial Park Qingyuan Hong Kong & China Water Co., Ltd.",苏州工业园区清源华衍水务有限公司
00299,海南昆仑港华燃气有限公司,海南昆仑港华燃气有限公司
00300,Hong Kong & China Gas Investment Limited,港华投资有限公司
00301,Xinmi Hong Kong and China Gas Co. Ltd.,新密港华燃气有限公司
00302,"Zhang Shu Hong Kong & China Gas Co., Ltd.",樟树港华燃气有限公司
00303,Pingxiang Hong Kong & China Gas Co. Ltd.,萍乡港华燃气有限公司
00304,"Suining Hong Kong and China Gas Co., Ltd.",睢宁港华燃气有限公司
00305,丰县港华燃气有限公司,丰县港华燃气有限公司
00306,Jiangxi Hong Kong & China Gas Co. Ltd.,江西港华天然气有限公司
00307,"Taizhou Yongan Hong Kong & China Gas Co., Ltd.",泰州永安港华燃气有限公司
00308,饶平港华燃气有限公司,饶平港华燃气有限公司
00309,杭州西园管道燃气有限公司,杭州西园管道燃气有限公司
00311,Jingxian Hong Kong and China Gas Company Limited,景县港华燃气有限公司
00312,"China-Singapore Suzhou Industrial Park Broad Energy Services Co., Ltd.",中新苏州工业园区远大能源服务有限公司
00313,河南省中原石油天然气管网有限公司,河南省中原石油天然气管网有限公司
00314,Maanshan Hong Kong and China Water Company Limited,马鞍山华衍水务有限公司
00315,Hong Kong and China (Yixing) Eco-Leisure Company Limited,港华（宜兴）生态休闲有限公司
00316,港华储气有限公司,港华储气有限公司
00317,安徽省江北华衍水务有限公司,安徽省江北华衍水务有限公司
00318,江苏海企港华燃气股份有限公司,江苏海企港华燃气股份有限公司
00320,山东港华培训学院,山东港华培训学院
00329,Peixian Hongkong and China Gas Company Limited,沛县港华燃气有限公司
00330,港华技术服务（深圳）有限公司,港华技术服务（深圳）有限公司
00331,港华国际能源贸易有限公司,港华国际能源贸易有限公司
00332,"Hua Yan Environmental Industry Development (Suzhou) Co., Ltd.",华衍环境产业发展（苏州）有限公司
00335,河北金建佳天然气有限公司,河北金建佳天然气有限公司
00336,佛山水务环保股份有限公司,佛山水务环保股份有限公司
00337,港华储气（金坛）有限公司,港华储气（金坛）有限公司
00338,港华热能科技（南京）有限公司,港华热能科技（南京）有限公司
00339,泰州城投天然气有限公司,泰州城投天然气有限公司
00340,"Hua Yan Environmental Investment (JiangSu) Co., Ltd.",华衍环境投资（江苏）有限公司
00341,道胜环境产业有限公司,道胜环境产业有限公司
00342,港华天然气（唐山）有限公司,港华天然气（唐山）有限公司
00343,铜陵市隆中环保有限公司,铜陵市隆中环保有限公司
00344,宿迁港能投光伏有限公司,宿迁港能投光伏有限公司
00345,常州华衍维尔利环境产业有限公司,常州华衍维尔利环境产业有限公司
00346,C-Tech Investment Company Limited,卓惠投资有限公司
00347,时代城市发展（常州）有限公司,时代城市发展（常州）有限公司
00348,港华综合电能投资（深圳）有限公司,港华综合电能投资（深圳）有限公司
00351,苏州工业园区苏相合作区市政公用发展有限公司,苏州工业园区苏相合作区市政公用发展有限公司
00354,江苏大禹水务有限公司,江苏大禹水务有限公司
00355,"Jiangsu Jinzhuo Construction Engineering Co., Ltd.",江苏金卓建设工程有限公司
00357,常州港能投智慧能源有限公司,常州港能投智慧能源有限公司
00359,吉电港华智慧能源（济南）有限公司,吉电港华智慧能源（济南）有限公司
00360,江苏道胜市容环境服务有限公司,江苏道胜市容环境服务有限公司
00361,常州武高新道胜生态有限公司,常州武高新道胜生态有限公司
00362,郑州卓惠洗涤有限公司,郑州卓惠洗涤有限公司
00363,上海上电港华能源科技有限公司,上海上电港华能源科技有限公司
00366,Towngas Zero Carbon (Tianjin) Investment Partnership (Limited Partner),港华零碳（天津）投资合伙企业（有限合伙）
00369,江苏港华交通科技有限公司,江苏港华交通科技有限公司
00375,名气家投资有限公司,名气家投资有限公司
00380,Shanxi Hong Kong and China Coalbed Gas Company Limited,山西港华煤层气有限公司
00382,宁夏易达天然气有限公司,宁夏易达天然气有限公司
00386,Xian ECO Energy Company Limited,西安易高环保能源有限公司
00387,Maanshan ECO Auto Fuel Company Limited,马鞍山易高车用能源有限公司
00388,"Jilin Huahai International Estate Co., Ltd.",吉林华海国际产业有限公司
00389,吉林天元石油有限公司,吉林天元石油有限公司
00390,Shanxi Yuanping Guoxin Compressed Natural Gas Co. Ltd.,山西原平国新压缩天然气有限公司
00391,ECO Services Management Company Limited,易高服务管理有限公司
00392,"Fengcheng Xingao Coking Co., Ltd.",丰城新高焦化有限公司
00393,内蒙古易高煤化科技有限公司,内蒙古易高煤化科技有限公司
00394,陕西易高清洁能源有限公司,陕西易高清洁能源有限公司
00395,东平易高能源有限公司,东平易高能源有限公司
00396,茌平易高一运天然气有限公司,茌平易高一运天然气有限公司
00397,秦皇岛易腾商贸有限公司,秦皇岛易腾商贸有限公司
00398,罗平县龙驰煤业有限责任公司,罗平县龙驰煤业有限责任公司
00399,ECO Environmental Energy Investments Limited,易高环保能源投资有限公司
00401,Inner Mongolia Ke Jian Coal Company Limited,内蒙古科建煤炭有限责任公司
00402,山东嘉祥易隆港务有限公司,山东嘉祥易隆港务有限公司
00403,广州易高环保能源有限公司,广州易高环保能源有限公司
00404,"Linzhou City ECO Clean Energy Co., Ltd.",林州市易高清洁能源有限公司
00405,微山易高能源有限公司,微山易高能源有限公司
00406,河北易高华通清洁能源有限公司,河北易高华通清洁能源有限公司
00407,易高新能源工程管理服务（深圳）有限公司,易高新能源工程管理服务（深圳）有限公司
00408,徐州易高中泰新能源有限公司,徐州易高中泰新能源有限公司
00409,"Shandong ECO Juming Energy Co., Ltd.",山东易高巨铭能源有限公司
00410,易高清洁能源管理服务（西安）有限公司,易高清洁能源管理服务（西安）有限公司
00411,内蒙古易高清洁能源有限公司,内蒙古易高清洁能源有限公司
00412,邢台市易高港兴清洁能源有限公司,邢台市易高港兴清洁能源有限公司
00413,凤翔易高清洁能源有限责任公司,凤翔易高清洁能源有限责任公司
00414,江西易高凌峰清洁能源有限公司,江西易高凌峰清洁能源有限公司
00415,神木易高耀清能源有限公司,神木易高耀清能源有限公司
00416,赤峰易高清洁能源有限公司,赤峰易高清洁能源有限公司
00417,西乌珠穆沁旗易高清洁能源有限公司,西乌珠穆沁旗易高清洁能源有限公司
00418,大连屹化新能源科技发展有限公司,大连屹化新能源科技发展有限公司
00419,察哈尔右翼前旗易高清洁能源有限公司,察哈尔右翼前旗易高清洁能源有限公司
00420,眉县易高清洁能源有限公司,眉县易高清洁能源有限公司
00421,易高环保能源科技（张家港）有限公司,易高环保能源科技（张家港）有限公司
00422,化德易高清洁能源有限公司,化德易高清洁能源有限公司
00423,中卫海兴易高清洁能源有限公司,中卫海兴易高清洁能源有限公司
00424,乌兰察布市丰华商贸有限公司,乌兰察布市丰华商贸有限公司
00425,邢台市易高兴化清洁能源有限公司,邢台市易高兴化清洁能源有限公司
00426,韩城市易高美源清洁能源有限公司,韩城市易高美源清洁能源有限公司
00427,Inner Mongolia ECO Advanced Carbon Materials Company Limited,内蒙古易高新型碳材料有限公司
00428,宜安（内蒙古）控股有限公司,宜安（内蒙古）控股有限公司
00429,嘉祥易高天然气有限公司,嘉祥易高天然气有限公司
00430,赤峰易高天然气贸易有限公司,赤峰易高天然气贸易有限公司
00431,易高碳材料控股（深圳）有限公司,易高碳材料控股（深圳）有限公司
00432,西乌珠穆沁旗易高天然气贸易有限公司,西乌珠穆沁旗易高天然气贸易有限公司
00433,呼和浩特市易腾油砂技术服务有限公司,呼和浩特市易腾油砂技术服务有限公司
00434,Towngas Telecommunications (Shenzhen) Limited,名气通智能科技（深圳）有限公司
00435,Towngas Telecom (Shandong) Company Limited,山东名气通电讯有限公司
00436,"Towngas Chibo Data Service (Jinan) Co., Ltd.",济南驰波名气通数据服务有限公司
00437,"Towngas DETA Telecom (Dalian) Co., Ltd.",大连德泰名气通电讯有限公司
00438,大连名气通数据服务有限公司,大连名气通数据服务有限公司
00439,莱阳名气通电讯有限公司,莱阳名气通电讯有限公司
00440,丰县名气通电讯有限公司,丰县名气通电讯有限公司
00441,"Towngas Telecom (Peixian) Co., Ltd.",沛县名气通电讯有限公司
00442,"TGT China Cloud Data Services (Harbin) Co., Ltd.",哈尔滨云谷名气通数据服务有限公司
00443,东莞名气通数据服务有限公司,东莞名气通数据服务有限公司
00444,名气通网络（深圳）有限公司,名气通网络（深圳）有限公司
00445,珠海卓锐高科信息技术有限公司,珠海卓锐高科信息技术有限公司
00446,中经名气网络技术（北京）有限公司,中经名气网络技术（北京）有限公司
00447,北京驰波名气通数据服务有限公司,北京驰波名气通数据服务有限公司
00448,深圳市互通联宽带网络有限公司,深圳市互通联宽带网络有限公司
00449,Ying Tong TGT Network Services (Shenzhen) Co. Ltd.,应通名气网络服务（深圳）有限公司
00450,GH-Fusion Corporation Limited,港华辉信工程塑料（中山）有限公司
00451,卓度计量技术（深圳）有限公司,卓度计量技术（深圳）有限公司
00452,卓度仪表（成都）有限公司,卓度仪表（成都）有限公司
00453,卓通管道系统（中山）有限公司,卓通管道系统（中山）有限公司
00454,GH-Fusion Limited,GH-Fusion Limited
00456,Central Waterfront Property Investment Holdings Limited,Central Waterfront Property Investment Holdings Limited
00459,港华卓明信息（深圳）有限公司,港华卓明信息（深圳）有限公司
00460,卓明信息（深圳）有限公司,卓明信息（深圳）有限公司
00461,Towngas Smart Energy Company Limited,港华智慧能源有限公司
00492,"Jiangxi Fenglong Ming Co., Ltd.",江西丰龙矿业有限责任公司
00499,聊城易高天然气有限公司,聊城易高天然气有限公司
00500,乌拉特中旗鑫冉天然气有限公司,乌拉特中旗鑫冉天然气有限公司
00503,Hong Kong & China Gas (Qingdao) Limited,香港中华煤气（青岛）有限公司
00504,Maanshan Hong Kong and China Gas Company Limited,马鞍山港华燃气有限公司
00505,"Qingdao Towngas China Energy Co., Ltd.",青岛港能投智慧能源有限公司
00506,"Maanshan Towngas China Energy Co., Ltd.",马鞍山港能投智慧能源有限公司
00509,Towngas China Energy Investment Limited,港华能源投资有限公司
00510,"Shenzhen Towngas China Energy Co., Ltd.",深圳港能投智慧能源有限公司
00511,广西港华智慧能源有限公司,广西港华智慧能源有限公司
00512,沈阳智慧能源系统科技有限公司,沈阳智慧能源系统科技有限公司
00513,唐山港能投智慧能源有限公司,唐山港能投智慧能源有限公司
00514,"Xuzhou Economic and Technological Development Zone Towngas China Energy Co., Ltd.",徐州港华能源有限公司
00517,"Anhui Towngas Keda Power Sales Co., Ltd.",安徽港华科达智慧能源有限公司
00518,"Tongling Towngas China Energy Co., Ltd.",铜陵港能投智慧能源有限公司
00519,"Tangshan Fengnan Towngas China Energy Co., Ltd.",唐山港华能源有限公司
00520,"Changzhou Towngas China Energy Co., Ltd.",常州港华天合智慧能源有限公司
00524,阳信港能投智慧能源有限公司,阳信港能投智慧能源有限公司
00525,徐州工业园区中港热力有限公司,徐州工业园区中港热力有限公司
00526,"SCEI Distributed Energy Systems Co., Ltd.",四川能投分布式能源有限公司
00527,Jilin Changchun Towngas China Energy Company Limited,吉林省清洁能源开发利用有限公司
00528,港华热能科技（广州）有限公司,港华热能科技（广州）有限公司
00530,"Songyang Towngas China Energy Co., Ltd",松阳港能投智慧能源有限公司
00538,Qiqihar Hong Kong and China Gas Company Limited,齐齐哈尔港华燃气有限公司
00540,Tie Ling Hong Kong and China Gas Company Limited,铁岭港华燃气有限公司
00542,"Towngas Smart Energy Maanshan Comprehensive Co., Ltd.",马鞍山港华综合智慧能源有限公司
00544,济宁港华智慧能源有限公司,济宁港华智慧能源有限公司
00548,"Nantong Towngas Electric Smart Energy Co., Ltd",南通港电智慧能源有限公司
00554,"Xuzhou Gangran Intelligent Energy Co., Ltd.",徐州港燃智慧能源有限公司
00557,泰州姜堰港能投智慧能源有限公司,泰州姜堰港能投智慧能源有限公司
00559,"Towngas Energy Huai'an Smart Energy Co., Ltd",淮安港能投智慧能源有限公司
00563,扬州港华智慧能源有限公司,扬州港华智慧能源有限公司
00564,铜陵港华综合智慧能源有限公司,铜陵港华综合智慧能源有限公司
00565,辽宁抚顺港能智慧能源有限公司,辽宁抚顺港能智慧能源有限公司
00566,Towngas Renewable Energy (HK) Company Limited,中华煤气可再生能源（香港）有限公司
00567,睿华（深圳）综合智慧能源有限公司,睿华（深圳）综合智慧能源有限公司
00569,江门市南盈太阳能科技有限公司,江门市南盈太阳能科技有限公司
00576,港华能源创科（深圳）有限公司,港华能源创科（深圳）有限公司
00577,辽宁港能智慧能源科技有限公司,辽宁港能智慧能源科技有限公司
00581,西安港华新能源有限公司,西安港华新能源有限公司
00582,大连港华智慧能源有限公司,大连港华智慧能源有限公司
00583,丹阳港华智慧能源有限公司,丹阳港华智慧能源有限公司
00584,南京港能智慧能源有限公司,南京港能智慧能源有限公司
00586,长兴港能投智慧能源有限公司,长兴港能投智慧能源有限公司
00587,青岛市莱西港能清洁能源有限公司 (Disable),青岛市莱西港能清洁能源有限公司 (Disable)
00590,张家港港电智慧能源有限公司,张家港港电智慧能源有限公司
00591,宿迁港华能源有限公司,宿迁港华能源有限公司
00594,唐山港慧综合能源有限公司,唐山港慧综合能源有限公司
00595,扬州仪征港华智慧能源有限公司,扬州仪征港华智慧能源有限公司
00596,宜兴港燃智慧能源有限公司,宜兴港燃智慧能源有限公司
00598,黄山港华智慧能源有限公司,黄山港华智慧能源有限公司
00600,泗阳港华能源有限公司,泗阳港华能源有限公司
00603,徐州港能投智慧能源有限公司,徐州港能投智慧能源有限公司
00607,铁岭港能投智慧能源有限公司,铁岭港能投智慧能源有限公司
00608,齐齐哈尔港能投智慧能源有限公司,齐齐哈尔港能投智慧能源有限公司
00609,丹阳港能投光伏新能源有限公司,丹阳港能投光伏新能源有限公司
00610,陕西港华建能电力工程有限公司,陕西港华建能电力工程有限公司
00613,崇阳禾沐新能源科技有限公司,崇阳禾沐新能源科技有限公司
00614,"Towngas (Shenzhen) Carbon Asset Operation Co., Ltd",港华（深圳）碳资产运营有限公司
00617,石家庄港能新能源有限公司,石家庄港能新能源有限公司
00619,马鞍山市博望区港华智慧能源有限公司,马鞍山市博望区港华智慧能源有限公司
00620,广州晴盈新能源科技有限公司,广州晴盈新能源科技有限公司
00621,巩义市港华新能源有限公司,巩义市港华新能源有限公司
00625,安阳市港能新能源有限公司,安阳市港能新能源有限公司
00627,池州港能投智慧能源有限公司,池州港能投智慧能源有限公司
00630,深圳坪山港能投智慧能源有限公司,深圳坪山港能投智慧能源有限公司
00631,聊城港能投光伏发电有限公司,聊城港能投光伏发电有限公司
00634,港华时代智慧能源科技（苏州）有限公司,港华时代智慧能源科技（苏州）有限公司
00635,"Weihai Towngas Energy Investment Photovoltaic Power Generation Co., Ltd.",威海港能投光伏发电有限公司
00636,"Xuzhou Jiawang Towngas China Energy Co., Ltd",徐州贾汪港电智慧能源有限公司
00638,泉州港华智慧能源有限公司,泉州港华智慧能源有限公司
00639,汉川港能投智慧能源有限公司,汉川港能投智慧能源有限公司
00641,临沂港能投清洁能源有限公司,临沂港能投清洁能源有限公司
00642,东莞港能投智慧能源有限公司,东莞港能投智慧能源有限公司
00644,港华（深圳）绿电有限公司,港华（深圳）绿电有限公司
00648,漳浦港能投新能源科技有限公司,漳浦港能投新能源科技有限公司
00649,博兴港能投智慧能源有限公司,博兴港能投智慧能源有限公司
00652,郑州港能清洁能源有限公司,郑州港能清洁能源有限公司
00660,龙口港能投清洁能源有限公司,龙口港能投清洁能源有限公司
00662,中山港能智慧能源有限公司,中山港能智慧能源有限公司
00664,广州森乐新能源有限公司,广州森乐新能源有限公司
00668,福州港能投新能源科技有限公司,福州港能投新能源科技有限公司
00669,漳州台商投资区港华智慧新能源有限公司,漳州台商投资区港华智慧新能源有限公司
00675,洋浦港华智慧能源有限公司,洋浦港华智慧能源有限公司
00676,杨凌港华综能新能源有限公司,杨凌港华综能新能源有限公司
00677,潍坊港能投清洁能源有限公司,潍坊港能投清洁能源有限公司
00687,南阳港能投清洁能源有限公司,南阳港能投清洁能源有限公司
00690,济南港能投清洁能源有限公司,济南港能投清洁能源有限公司
00692,开封市港华新能源有限公司,开封市港华新能源有限公司
00695,大连德泰港能投智慧能源有限公司,大连德泰港能投智慧能源有限公司
00696,长沙港能投智慧能源有限公司,长沙港能投智慧能源有限公司
00698,广东晟桂电力有限公司,广东晟桂电力有限公司
00699,新野县启电光伏科技有限公司,新野县启电光伏科技有限公司
00700,济宁道宏新能源有限公司,济宁道宏新能源有限公司
00701,烟台港能投光伏有限公司,烟台港能投光伏有限公司
00702,西安港能投智慧能源有限公司,西安港能投智慧能源有限公司
00703,佛山顺德港投智慧能源有限公司,佛山顺德港投智慧能源有限公司
00705,汨罗港能投新能源科技有限公司,汨罗港能投新能源科技有限公司
00708,商丘市港能新能源有限公司,商丘市港能新能源有限公司
00712,泰州港能智慧能源有限公司,泰州港能智慧能源有限公司
00714,深圳港华综合能源有限公司,深圳港华综合能源有限公司
00715,营口港能投智慧能源有限公司,营口港能投智慧能源有限公司
00716,沧州港能投智慧能源有限公司,沧州港能投智慧能源有限公司
00717,广州港能智慧能源有限公司,广州港能智慧能源有限公司
00719,"Guangzhou Science City-Towngas Smart Energy Co., Ltd.",广州科城港华智慧能源有限公司
00723,广州振森新能源有限公司,广州振森新能源有限公司
00724,厦门港华智慧能源有限公司,厦门港华智慧能源有限公司
00729,上海港华智慧能源有限公司,上海港华智慧能源有限公司
00730,咸宁港能投智慧能源有限公司,咸宁港能投智慧能源有限公司
00731,荆门港能投新能源科技有限公司,咸宁港能投智慧能源有限公司
00732,桂林港能投智慧能源有限公司,桂林港能投智慧能源有限公司
00735,淄博港能投清洁能源有限公司,淄博港能投清洁能源有限公司
00737,嘉兴港华智慧能源有限公司,嘉兴港华智慧能源有限公司
00739,天津市港能投新能源有限公司,天津市港能投新能源有限公司
00741,上海浦东港华数智能源发展有限公司,上海浦东港华数智能源发展有限公司
00745,惠州港华能源有限公司,惠州港华能源有限公司
00747,广州黄埔区港能投能源科技有限公司,广州黄埔区港能投能源科技有限公司
00748,宜丰县港能投新能源有限公司,宜丰县港能投新能源有限公司
00749,上海瑾茸新能源科技有限公司,上海瑾茸新能源科技有限公司
00750,上海茸昊新能源科技有限公司,上海茸昊新能源科技有限公司
00751,上海茸徐新能源科技有限公司,上海茸徐新能源科技有限公司
00752,上海茸坤新能源科技有限公司,上海茸坤新能源科技有限公司
00753,惠州市晟耀新能源科技有限公司,惠州市晟耀新能源科技有限公司
00754,宣城艾能新能源有限公司,宣城艾能新能源有限公司
00755,上海富联盛康新能源有限公司,上海富联盛康新能源有限公司
00756,宁波昌业能源科技有限公司,宁波昌业能源科技有限公司
00757,宁津锦辰新能源有限公司,宁津锦辰新能源有限公司
00758,嘉兴茸烨新能源技术有限公司,嘉兴茸烨新能源技术有限公司
00759,宁波港坤新能源科技有限公司,宁波港坤新能源科技有限公司
00760,昆山鑫同光伏电力有限公司,昆山鑫同光伏电力有限公司
00761,无锡北缈电力能源有限公司,无锡北缈电力能源有限公司
00762,昆山志茸新能源科技有限公司,昆山志茸新能源科技有限公司
00763,昆山茸煊新能源科技有限公司,昆山茸煊新能源科技有限公司
00764,铜川亿电新能新能源有限公司,铜川亿电新能新能源有限公司
00765,宁波联阔新能源有限公司,宁波联阔新能源有限公司
00768,扶绥港能投智慧能源有限公司,扶绥港能投智慧能源有限公司
00769,泰安港华智慧能源有限公司,泰安港华智慧能源有限公司
00770,莆田港华智慧能源有限公司,莆田港华智慧能源有限公司
00773,宁波星瑞能源科技有限公司,宁波星瑞能源科技有限公司
00774,宁波朝盛新能源有限公司,宁波朝盛新能源有限公司
00775,宁波广智能源科技有限公司,宁波广智能源科技有限公司
00776,宁波旭善能源科技有限公司,宁波旭善能源科技有限公司
00777,宁波盛凯能源科技有限公司,宁波盛凯能源科技有限公司
00778,宣城坤能新能源科技有限公司,宣城坤能新能源科技有限公司
00779,徐州普未光合能源科技有限公司,徐州普未光合能源科技有限公司
00780,上海兆熙新能源科技有限公司,上海兆熙新能源科技有限公司
00781,温州狮耀新能源有限公司,温州狮耀新能源有限公司
00782,丹阳市晶能光伏电力有限公司,丹阳市晶能光伏电力有限公司
00783,镇江市中盛清洁能源有限公司,镇江市中盛清洁能源有限公司
00784,睢宁县晶能光伏电力有限公司,睢宁县晶能光伏电力有限公司
00785,常州科鸿光伏电力有限公司,常州科鸿光伏电力有限公司
00786,凤阳纤安新能源有限公司,凤阳纤安新能源有限公司
00787,武汉国楚云天新能源有限公司,武汉国楚云天新能源有限公司
00788,宿州百嘉光伏科技有限公司,宿州百嘉光伏科技有限公司
00791,南宁港华智慧能源有限公司,咸宁港能投智慧能源有限公司
00794,宿迁泗甬坤新能源开发有限公司,宿迁泗甬坤新能源开发有限公司
00795,宿州捷远新能源有限公司,宿州捷远新能源有限公司
00796,丰县盛步光伏电力有限公司,丰县盛步光伏电力有限公司
00797,江阴市盛步光伏电力有限公司,江阴市盛步光伏电力有限公司
00798,宁波镇海坤能新能源开发有限公司,宁波镇海坤能新能源开发有限公司
00799,苏州乐光能源有限公司,苏州乐光能源有限公司
00800,天津滨海环能新能源有限公司,天津滨海环能新能源有限公司
00801,宜兴环兴新能源有限公司,宜兴环兴新能源有限公司
00802,苏州市晶步光伏电力有限公司,苏州市晶步光伏电力有限公司
00803,沁阳市长基新能源科技有限公司,沁阳市长基新能源科技有限公司
00804,泰安市弗莱格新能源有限公司,泰安市弗莱格新能源有限公司
00805,金华炽伏能新能源科技有限公司,金华炽伏能新能源科技有限公司
00806,江苏江阴-靖江工业园区亚辉新能源科技有限公司,江苏江阴-靖江工业园区亚辉新能源科技有限公司
00807,启东宏泰新能源有限公司,启东宏泰新能源有限公司
00808,苏州联浚智慧能源有限公司,苏州联浚智慧能源有限公司
00809,南通宏晋新能源有限公司,南通宏晋新能源有限公司
00810,松原昱阳新能源有限公司,松原昱阳新能源有限公司
00811,新乡绿电来新能源有限公司,新乡绿电来新能源有限公司
00826,天津云熠新能源科技有限公司,天津云熠新能源科技有限公司
00827,深圳港投智慧能源有限公司,深圳港投智慧能源有限公司
00828,常熟捷鹏新能源有限公司,常熟捷鹏新能源有限公司
00829,舟山晟投新能源科技有限公司,舟山晟投新能源科技有限公司
00830,无锡晟投新能源科技有限公司,无锡晟投新能源科技有限公司
00831,响水尚启新能源科技有限公司,响水尚启新能源科技有限公司
00832,长春中瑞信科技有限公司,长春中瑞信科技有限公司
00833,靖江市晶民太阳能发电有限公司,靖江市晶民太阳能发电有限公司
00834,无锡华能蠡股光能科技有限公司,无锡华能蠡股光能科技有限公司
00835,上海华永慧新能源有限公司,上海华永慧新能源有限公司
00836,桐乡市港鸿太阳能有限公司,桐乡市港鸿太阳能有限公司
00845,"Suzhou TowngasSmart InvestEnergy Co., Ltd",苏州港华智投能源有限公司
00850,沭阳中邺沭开新能源有限公司,沭阳中邺沭开新能源有限公司
00851,盐城港华智慧能源有限公司,盐城港华智慧能源有限公司
00852,青岛港投光伏发电有限公司,青岛港投光伏发电有限公司
00853,武汉港能投智慧能源有限公司,武汉港能投智慧能源有限公司
00854,长三角一体化示范区（苏州吴江）港能投智慧能源有限公司,长三角一体化示范区（苏州吴江）港能投智慧能源有限公司
00856,"DanyangTowngas ChinaEnergy StoragePower Plant Co., Ltd.",丹阳港能投智慧能源有限公司
00857,武汉经济技术开发区港华智慧能源有限公司,武汉经济技术开发区港华智慧能源有限公司
00859,港华数智能源科技（深圳）有限公司,港华数智能源科技（深圳）有限公司
00860,长沙港华智慧能源有限公司,长沙港华智慧能源有限公司
00861,衡阳高新技术产业开发区港华能源有限公司,衡阳高新技术产业开发区港华能源有限公司
00863,威海港能投清洁能源有限公司,威海港能投清洁能源有限公司
00864,滁州港华综合能源有限公司（合并）,滁州港华综合能源有限公司（合并）
00865,海口港华智慧能源有限公司,海口港华智慧能源有限公司
00867,柳州港能投智慧能源有限公司,柳州港能投智慧能源有限公司
00868,"Anqiu TowngasChina PV PowerGenerationCo., Ltd.",安丘航洲新能源科技有限公司
00869,青岛嘉嘉通新能源科技有限公司,青岛嘉嘉通新能源科技有限公司
00870,滨州鑫润丰新能源有限公司,滨州鑫润丰新能源有限公司
00871,马鞍山市郑蒲港新区港能投光伏有限公司,马鞍山市郑蒲港新区港能投光伏有限公司
00872,本溪港能投智慧能源有限公司,本溪港能投智慧能源有限公司
00873,青岛港能投清洁能源有限公司,青岛港能投清洁能源有限公司
00874,溧阳恒电新能源科技有限公司,溧阳恒电新能源科技有限公司
00875,苏州光辰新能源科技有限公司,苏州光辰新能源科技有限公司
00876,郑州市港密新能源有限公司,郑州市港密新能源有限公司
00877,黄冈港能投智慧能源有限公司,黄冈港能投智慧能源有限公司
00878,西咸新区港华智慧新能源有限公司,西咸新区港华智慧新能源有限公司
00879,琼海港华智慧能源有限公司,琼海港华智慧能源有限公司
00880,东方港华智慧能源有限公司,东方港华智慧能源有限公司
00882,重庆港能智慧能源有限公司,重庆港能智慧能源有限公司
00883,北京港华纵横能源服务有限公司,北京港华纵横能源服务有限公司
00884,唐山港投综合智慧能源有限公司,唐山港投综合智慧能源有限公司
00888,迁安港能投综合智慧能源有限公司,迁安港能投综合智慧能源有限公司
00892,梧州港华能源有限公司,梧州港华能源有限公司
00893,洋浦港能投光伏有限公司,洋浦港能投光伏有限公司
00897,Hong Kong & China Gas (Yantai) Limited,香港中华煤气（烟台）有限公司
00900,Hong Kong & China Gas (Zibo) Limited,香港中华煤气（淄博）有限公司
00901,Zibo Hong Kong and China Gas Company Limited,淄博港华燃气有限公司
00903,Dalian Taipingwan Hong Kong and China Gas Company Limited,大连太平湾港华燃气有限公司
00904,Longkou Hongkong and China Gas Company Limited,龙口港华燃气有限公司
00905,Qingdao Zhongji Hong Kong and China Gas Company Limited,青岛中即港华燃气有限公司
00906,TSEL (Gas) Holdings Limited,港华智慧能源（燃气）控股有限公司
00907,TSEL (Gas) Investment Limited,港华智慧能源（燃气）投资有限公司
00909,Zibo Lubo Gas Company Limited,淄博绿博燃气有限公司
00913,本溪满族自治县港华天然气有限公司,本溪满族自治县港华天然气有限公司
00914,Hong Kong & China Gas (Maanshan) Limited,香港中华煤气（马鞍山）有限公司
00915,Hong Kong & China Gas (Weihai) Limited,香港中华煤气（威海）有限公司
00916,Weihai Hong Kong and China Gas Company Limited,威海港华燃气有限公司
00917,青岛崂山湾港华能源有限公司,青岛崂山湾港华能源有限公司
00918,"Maanshan Bowang Hong Kong & China Gas Co., Ltd.",马鞍山博望港华燃气有限公司
00926,Hong Kong & China Gas (Anqing) Limited,香港中华煤气（安庆）有限公司
00927,Qingdao Dong Yi Hong Kong and China Gas Company Limited,青岛东亿港华燃气有限公司
00928,"U-Tech (Guang Dong) Engineering Construction Co., Ltd",卓裕（广东）工程建设有限公司
00930,Anqing Hong Kong and China Gas Company Limited,安庆港华燃气有限公司
00935,Hong Kong & China Gas (Taian) Limited,香港中华煤气（泰安）有限公司
00936,Taian Taishan Hong Kong and China Gas Company Limited,泰安泰山港华燃气有限公司
00940,"Zhuojia Public Engineering (Maanshan) Co., Ltd.",卓佳公用工程（马鞍山）有限公司
00941,"Ji Nan Ping Yin Hong Kong & China Gas Co., Ltd.",济南平阴港华燃气有限公司
00942,Towngas China Group Limited,港华燃气集团有限公司
00943,China Overlink Holdings Co. Ltd.,China Overlink Holdings Co. Ltd.
00944,TCCL (Finance) Limited,港华燃气（融资）有限公司
00945,TCCL (PCB) Limited,TCCL (PCB) Limited
00946,TCCL (Project) Limited,TCCL (Project) Limited
00947,TCCL (Project Capital) Limited,港华燃气（项目资本）有限公司
00948,TCCL (Project Finance) Limited,港华燃气（项目融资）有限公司
00949,Towngas China Energy Investment Limited,港华燃气能源投资有限公司
00950,Towngas China Holdings Limited,港华燃气控股有限公司
00951,Towngas China (Fengxi) Limited,港华燃气（枫溪）有限公司
00952,Chao Sheng Investments Limited,潮盛投资有限公司
00955,Wulian Hong Kong & China Gas Company Limited,五莲港华燃气有限公司
00956,Yangxin Hong Kong & China Gas Company Limited,阳信港华燃气有限公司
00959,"Boxing Hong Kong & China Gas Co., Ltd",博兴港华燃气有限公司
00961,泰安市泰港燃气有限公司,泰安市泰港燃气有限公司
00962,Miluo Hong Kong and China Gas Co. Ltd,汨罗港华燃气有限公司
00963,"Zhao Yuan Hong Kong & China Gas Co., Ltd.",招远港华燃气有限公司
00965,"Linqu Hongkong & China Gas Co., Ltd",临朐港华燃气有限公司
00967,"Huang Shan Taiping Hong Kong & China Gas Co., Ltd.",黄山太平港华燃气有限公司
00968,"Huang Shan Hong Kong & China Gas Co., Ltd.",黄山港华燃气有限公司
00969,"Huangshan Huizhou Hong Kong & China Gas Co., Ltd.",黄山徽州港华燃气有限公司
00970,Qingyuan Hong Kong and China Gas Company Limited,清远港华燃气有限公司
00972,Hong Kong & China Gas (Weifang) Limited,香港中华煤气（潍坊）有限公司
00973,Weifang Hong Kong and China Gas Company Limited,潍坊港华燃气有限公司
00974,Singkong Investments Limited,盛港投资有限公司
00975,Hong Kong & China Gas (Hangzhou) Limited,香港中华煤气（杭州）有限公司
00976,Towngas China Development Limited,港华燃气发展有限公司
00979,"Laiyang Hong Kong and China Gas Co., Ltd.",莱阳港华燃气有限公司
00982,Tongshan Hong Kong and China Gas Co. Ltd,铜山港华燃气有限公司
00983,Hangzhou Hong Kong and China Gas Company Limited,杭州港华燃气有限公司
00988,Luliang Hong Kong & China Gas Company Limited,陆良港华燃气有限公司
00992,"Shandong Jihua Gas Co., Ltd.",山东济华燃气有限公司
00995,Dafeng Hong Kong and China Gas Company Limited,大丰港华燃气有限公司
00996,Hong Kong & China Gas (Tongxiang) Limited,香港中华煤气（桐乡）有限公司
00998,Tongxiang Hong Kong and China Gas Company Limited,桐乡港华天然气有限公司
01000,山东济华润昌燃气有限公司,山东济华润昌燃气有限公司
01002,Hong Kong & China Gas (Huzhou) Limited,香港中华煤气（湖州）有限公司
01003,深圳北科兰光能源系统技术有限责任公司,深圳北科兰光能源系统技术有限责任公司
01004,"Shao Guan Hong Kong and China Gas Co., Ltd.",韶关港华燃气有限公司
01007,"Gao Chun Hong Kong and China Gas Co., Ltd.",南京高淳港华燃气有限公司
01013,Changting Hong Kong and China Gas Company Limited,长汀港华燃气有限公司
01016,中特检港华科技（深圳）有限公司,中特检港华科技（深圳）有限公司
01018,"Guangxi Zhongwei Pipelinegas Development Group Co., Ltd",广西中威管道燃气发展集团有限责任公司
01023,Chongqing Hong Kong and China Gas Company Limited,重庆港华燃气有限公司
01024,"Yifeng HongKong & China Gas Co., Ltd.",宜丰港华燃气有限公司
01025,Wuhu Hong Kong & China Gas Company Limited,芜湖港华燃气有限公司
01026,Anhui Province Wenery Towngas Natural Gas Company Limited,安徽省皖能港华天然气有限公司
01027,Wuhu Jiangbei Hong Kong & China Gas Company Limited,芜湖江北港华燃气有限公司
01028,"Guilin Hong Kong & China Gas Co., Ltd.",桂林港华燃气有限公司
01029,桂林卓惠清洁洗涤有限公司,桂林卓惠清洁洗涤有限公司
01031,"Xiushui Hong Kong and China Gas Co., Ltd.",修水港华燃气有限公司
01032,"Zhongxiang Hong Kong & China Gas Co., Ltd.",钟祥港华燃气有限公司
01033,"Foran Energy Group Co., Ltd.",佛燃能源集团股份有限公司
01034,"Liuzhou Hong Kong & China Gas Co., Ltd.",柳州港华燃气有限公司
01036,Yue ChiHong Kong andChina GasCompany Limited,岳池港华燃气有限公司
01037,"WuningHong Kong &China GasCo., Ltd.",武宁港华燃气有限公司
01038,杭州壬通燃气能源技术有限公司,杭州壬通燃气能源技术有限公司
01040,Yang Jiang Hong Kong and China Gas Company Limited,阳江港华燃气有限公司
01042,Huzhou Hong Kong and China Gas Company Limited,湖州港华燃气有限公司
01044,Lezhi Hong Kong and China Gas Company Limited,乐至港华燃气有限公司
01045,兴义港华舒适家科技服务有限公司,兴义港华舒适家科技服务有限公司
01047,Hong Kong & China Gas (Yingkou) Limited,香港中华煤气（营口）有限公司
01048,港华舒适家（成都）科技服务有限公司,港华舒适家（成都）科技服务有限公司
01049,"Yingkou Hong Kong and China Gas Co., Ltd.",营口港华燃气有限公司
01050,Ping Chang Hong Kong and China Gas Company Limited,平昌港华燃气有限公司
01051,"Dalian Deta Towngas Co., Ltd.",大连德泰港华燃气股份有限公司
01052,Towngas (BVI) Holdings Limited,港华燃气（维尔京）控股有限公司
01053,Hong Kong and China Gas (Dalian) Limited,香港中华煤气（大连）有限公司
01055,Chengdu Gas Group Corporation Ltd.,成都燃气集团股份有限公司
01056,Dalian Changxing Hong Kong and China Gas Co. Ltd.,大连长兴港华燃气有限公司
01057,Weiyuan Hong Kong and China Gas Company Limited,威远港华燃气有限公司
01059,四川港华合纵能源有限公司,四川港华合纵能源有限公司
01062,Peng Xi Hong Kong and China Gas Company Limited,蓬溪港华燃气有限公司
01063,Mei Shan Peng Shan Hong Kong and China Gas Company Limited,眉山市彭山港华燃气有限公司
01067,Chengdu Xindu Hong Kong and China Gas Company Limited,成都新都港华燃气有限公司
01069,Hong Kong and China Gas (Zhumadian) Limited,香港中华煤气（驻马店）有限公司
01070,Dalian Wafangdian Hong Kong and China Gas Company Limited,大连瓦房店港华燃气有限公司
01071,"Towngas Natural Gas Sales Co., Ltd.",港华天然气销售有限公司
01072,Zhong Jiang Hong Kong and China Gas Company Limited,中江港华燃气有限公司
01074,Towngas Investments Limited,港华燃气投资有限公司
01076,Chi Ping Hongkong & China Gas Co. Ltd.,茌平港华燃气有限公司
01079,Towngas China Enterprises Limited,港华燃气企业有限公司
01080,Towngas China (Zhengpugang) Limited,港华燃气（郑蒲港）有限公司
01081,Feicheng Hong Kong and China Gas Company Limited,肥城港华燃气有限公司
01083,Maanshan Jiangbei Hong Kong and China Towngas Company Limited,马鞍山江北港华燃气有限公司
01084,Xingyi Hong Kong & China Gas Company Limited,兴义港华燃气有限公司
01086,潮州枫溪港华燃气有限公司,潮州枫溪港华燃气有限公司
01087,Chizhou Hong Kong and China Gas Company Ltd,池州港华燃气有限公司
01091,"Kazuo Hong Kong & China Gas Co., Ltd.",喀左港华燃气有限公司
01095,Shenyang Hong Kong & China Gas Company Limited,沈阳港华燃气有限公司
01097,Ben Xi Hongkong and China Gas Company Limited,本溪港华燃气有限公司
01101,Jianping Hong Kong and China Gas Company Limited,建平港华燃气有限公司
01106,Chaoyang Hongkong and China Gas Company Limited,朝阳港华燃气有限公司
01110,江西昌九港华燃气有限公司,江西昌九港华燃气有限公司
01112,"Mianyang Heqing Towngas Co., Ltd",绵阳河清港华燃气有限公司
01113,Anguo Huagang Gas Company Limited,安国市华港燃气有限公司
01114,"Jiujiang Hong Kong & China Gas Co., Ltd.",九江港华燃气有限公司
01116,Ziyang Hong Kong and China Gas Company Limited,资阳港华燃气有限公司
01118,Cang Xi Hong Kong and China Gas Company Limited,苍溪港华燃气有限公司
01120,"Mianyang Hong Kong & China Gas Co., Ltd.",绵阳港华燃气有限公司
01123,"Mianzhu Hong Kong and China Gas Co., Ltd.",绵竹港华燃气有限公司
01124,Jiajiang Hong Kong & China Gas Company Limited,夹江港华燃气有限公司
01126,Da Yi Hong Kong and China Gas Company Limited,大邑港华燃气有限公司
01127,Xin Jin Hong Kong and China Gas Company Limited,新津港华燃气有限公司
01128,"Mianzhu Yuquan Hong Kong and China Gas Co., Ltd.",绵竹玉泉港华燃气有限公司
01131,Fuxin Hongkong and China Gas Company Limited,阜新港华燃气有限公司
01136,"Santai Hong Kong & China Co., Ltd.",三台港华燃气有限公司
01138,"Fuzhou Fubei Natural Gas Co., Ltd.",抚州市抚北天然气有限公司
01139,Beipiao Hong Kong and China Gas Company Limited,北票港华燃气有限公司
01140,Fuxin Dali Gas Company Limited,阜新大力燃气有限责任公司
01142,Dalian Lvshun Hong Kong and China Gas Co. Ltd.,大连旅顺港华燃气有限公司
01144,Fuxin Xinqiu Hong Kong and China Gas Company Limited,阜新新邱港华燃气有限公司
01145,An Shan Hong Kong and China Gas Company Limited,鞍山港华燃气有限公司
01148,"Cangxian Hong Kong & China Gas Co., Ltd.",沧县港华燃气有限公司
01149,"Mengcun Hong Kong & China Gas Co., Ltd.",孟村回族自治县港华燃气有限公司
01150,"YanShan Hong Kong & China Gas Co., Ltd.",盐山港华燃气有限公司
01151,石家庄华博燃气有限公司,石家庄华博燃气有限公司
01152,内蒙古港亿天然气有限公司,内蒙古港亿天然气有限公司
01153,Baotou Hong Kong & China Gas Company Limited,包头港华燃气有限公司
01155,达茂港华燃气有限公司,达茂港华燃气有限公司
01158,"Qinhuangdao Hong Kong & China Gas Co., Ltd.",秦皇岛港华燃气有限公司
01159,内蒙古港华天然气有限公司,内蒙古港华天然气有限公司
01163,内蒙古西部天然气包北管道有限公司,内蒙古西部天然气包北管道有限公司
01167,Qiqihar Xingqixiang Gas Company Limited,齐齐哈尔兴企祥燃气有限责任公司
01169,"Changchun Changgang Gas Co., Ltd",长春长港燃气有限公司
01170,"Changchun Gas Co., Ltd",长春燃气股份有限公司
01172,Siping Hong Kong & China Gas Company Limited,四平港华燃气有限公司
01173,Heilongjiang Hong Kong & China Lianfu New Energy Company Limited,黑龙江港华联孚能源有限公司
01178,Gongzhuling Hong Kong and China Gas Company Limited,公主岭港华燃气有限公司
01181,C-Tech Laundry Investment Company Limited,卓惠洗涤投资有限公司
01182,C-Tech Laundry Company Limited,卓惠洗涤有限公司
01183,潮州深能港华燃气有限公司,潮州深能港华燃气有限公司
01185,港华紫荆农庄（句容）有限公司,港华紫荆农庄（句容）有限公司
01274,EDA Energy Co Ltd,EDA Energy Co Ltd
01275,Fusion GH (Asia Pacific) Co Ltd,Fusion GH (Asia Pacific) Co Ltd
01276,Hansom Technology Limited,Hansom Technology Limited
01281,Shanxi ECO Liyu Coalbed Methane Ltd,Shanxi ECO Liyu Coalbed Methane Ltd
01282,Towngas Lifestyle (China) Co Ltd,名气家（中国）有限公司
01285,丹阳卓惠洗涤有限公司,丹阳卓惠洗涤有限公司
01286,唐山卓惠洗涤有限公司,唐山卓惠洗涤有限公司
01287,南京卓惠洗涤有限公司,南京卓惠洗涤有限公司
01288,河南易高清洁能源有限公司,河南易高清洁能源有限公司
01289,南阳易高清洁能源有限公司,南阳易高清洁能源有限公司
01290,单县易高阿莱姆清洁能源有限公司,单县易高阿莱姆清洁能源有限公司
01291,徐州易高能源有限公司,徐州易高能源有限公司
01292,吴忠易高第二公司清洁能源有限公司,吴忠易高第二公司清洁能源有限公司
01293,锡林郭勒盟易高清洁能源有限公司,锡林郭勒盟易高清洁能源有限公司
01294,乌拉特前旗新德宝商贸有限公司,乌拉特前旗新德宝商贸有限公司
01295,山西忻州易高清洁能源有限公司,山西忻州易高清洁能源有限公司
01296,巴彦淖尔市耀进燃气有限公司,巴彦淖尔市耀进燃气有限公司
01297,杭锦后旗耀进燃气有限公司有限公司,杭锦后旗耀进燃气有限公司有限公司
01298,漯河易高清洁能源有限公司,漯河易高清洁能源有限公司
01300,中新苏州工业园区环保技术有限公司,中新苏州工业园区环保技术有限公司
01301,常州道胜科技产业有限公司,常州道胜科技产业有限公司
01420,亳州皖华燃气有限公司,亳州皖华燃气有限公司
01439,四川港华慧纵能源有限公司,四川港华慧纵能源有限公司
01447,简阳港华燃气有限公司,简阳港华燃气有限公司
01451,新津永双港华燃气有限公司,新津永双港华燃气有限公司
01516,江门港华智慧能源有限公司,江门港华智慧能源有限公司
01517,株洲市国华智慧能源有限公司 (Disable),株洲市国华智慧能源有限公司 (Disable)
01518,清远港能投智慧能源有限公司,清远港能投智慧能源有限公司
01519,邵阳港能投新能源有限公司,邵阳港能投新能源有限公司
01523,揭阳港能投智慧能源有限公司,江阴港能投智慧能源有限公司（合并）
01525,江阴港能投智慧能源有限公司（合并）,江阴港能投智慧能源有限公司（合并）
01539,青岛市莱西港能清洁能源有限公司,青岛市莱西港能清洁能源有限公司
01540,烟台市港能清洁能源有限公司（合并）,烟台市港能清洁能源有限公司（合并）
01544,宣城坤能新能源有限公司,宣城坤能新能源有限公司
01546,开封捷迈新能源有限公司,开封捷迈新能源有限公司
01554,宁夏环能新能源有限公司,江阴港能投智慧能源有限公司（合并）
01555,天津市滨海新区环聚新能源有限公司,天津市滨海新区环聚新能源有限公司
01556,重庆玫克生智能科技有限公司,重庆玫克生智能科技有限公司
01682,陕西港华智慧新能源有限公司,陕西港华智慧新能源有限公司
01797,山东港燃经贸有限公司,山东港燃经贸有限公司
01805,株洲市国华智慧能源有限公司,株洲市国华智慧能源有限公司
01806,港华国际贸易,港华国际贸易
01809,嘉祥易高能源有限公司,嘉祥易高能源有限公司
01810,山西易高天星清洁能源有限公司,山西易高天星清洁能源有限公司
01811,成武易高能源有限公司,成武易高能源有限公司
01812,开封易高清洁能源有限公司,开封易高清洁能源有限公司
01813,单县易高清洁能源有限公司,单县易高清洁能源有限公司
01819,中卫易高清洁能源有限公司,中卫易高清洁能源有限公司
01823,陕西易高亿达清洁能源有限公司,陕西易高亿达清洁能源有限公司
01826,大连德泰港能投智慧能源有限公司 (Disable),大连德泰港能投智慧能源有限公司 (Disable)
01827,Towngas Lifestyle IP Limited,Towngas Lifestyle IP Limited
01828,Hong Kong Hydrogen Alliance Limited ,香港淠苈盟有限公司
01829,Novel Idea International Limited ,星竣H有限公司
01830,Towngas Energy Academy Holding Limited , 港A能源研究院控股有限公司
01831,NovaNex Investments Holding Limited,NovaNex Investments Holding Limited
01832,NovaNex Investments Company Limited,保源h境投Y有限公司
01833,Townlife Holding Company Limited,家域控股有限公司
01834,VENEX Investments Company Limited,臻和G源投Y有限公司
01835,港A紫Grf(句容)有限公司,港A紫Grf(句容)有限公司
01838,深圳市冷科技有限公司,深圳市冷科技有限公司
02272,上高县控日新能源开发有限公司,上高县控日新能源开发有限公司
02278,深圳港华慧能科技有限公司（合并）,深圳港华慧能科技有限公司（合并）
